{
"apiVersion": "V1",
"assemblies": [
{
  "files": [
    {
      "filePath": "data_summary.tsv",
      "fileType": "DATA_TABLE"
    },
    {
      "filePath": "assembly_data_report.jsonl",
      "fileType": "DATA_REPORT"
    }
  ]
},{
  "accession": "GCA_000848685.1",
  "files": [
    {
      "filePath": "GCA_000848685.1/GCA_000848685.1_ViralProj14739_genomic.fna",
      "fileType": "GENOMIC_NUCLEOTIDE_FASTA"
    },
    {
      "filePath": "GCA_000848685.1/sequence_report.jsonl",
      "fileType": "SEQUENCE_REPORT"
    }
  ]
},{
  "accession": "GCA_000853505.1",
  "files": [
    {
      "filePath": "GCA_000853505.1/GCA_000853505.1_ViralProj14913_genomic.fna",
      "fileType": "GENOMIC_NUCLEOTIDE_FASTA"
    },
    {
      "filePath": "GCA_000853505.1/sequence_report.jsonl",
      "fileType": "SEQUENCE_REPORT"
    }
  ]
},{
  "accession": "GCA_000853865.1",
  "files": [
    {
      "filePath": "GCA_000853865.1/GCA_000853865.1_ViralProj14960_genomic.fna",
      "fileType": "GENOMIC_NUCLEOTIDE_FASTA"
    },
    {
      "filePath": "GCA_000853865.1/sequence_report.jsonl",
      "fileType": "SEQUENCE_REPORT"
    }
  ]
},{
  "accession": "GCA_000856025.1",
  "files": [
    {
      "filePath": "GCA_000856025.1/GCA_000856025.1_ViralProj15097_genomic.fna",
      "fileType": "GENOMIC_NUCLEOTIDE_FASTA"
    },
    {
      "filePath": "GCA_000856025.1/sequence_report.jsonl",
      "fileType": "SEQUENCE_REPORT"
    }
  ]
},{
  "accession": "GCA_000858765.1",
  "files": [
    {
      "filePath": "GCA_000858765.1/GCA_000858765.1_ViralProj15139_genomic.fna",
      "fileType": "GENOMIC_NUCLEOTIDE_FASTA"
    },
    {
      "filePath": "GCA_000858765.1/sequence_report.jsonl",
      "fileType": "SEQUENCE_REPORT"
    }
  ]
},{
  "accession": "GCA_000862345.1",
  "files": [
    {
      "filePath": "GCA_000862345.1/GCA_000862345.1_ViralProj15350_genomic.fna",
      "fileType": "GENOMIC_NUCLEOTIDE_FASTA"
    },
    {
      "filePath": "GCA_000862345.1/sequence_report.jsonl",
      "fileType": "SEQUENCE_REPORT"
    }
  ]
},{
  "accession": "GCA_000862505.1",
  "files": [
    {
      "filePath": "GCA_000862505.1/GCA_000862505.1_ViralProj15385_genomic.fna",
      "fileType": "GENOMIC_NUCLEOTIDE_FASTA"
    },
    {
      "filePath": "GCA_000862505.1/sequence_report.jsonl",
      "fileType": "SEQUENCE_REPORT"
    }
  ]
},{
  "accession": "GCA_000862965.1",
  "files": [
    {
      "filePath": "GCA_000862965.1/GCA_000862965.1_ViralProj15303_genomic.fna",
      "fileType": "GENOMIC_NUCLEOTIDE_FASTA"
    },
    {
      "filePath": "GCA_000862965.1/sequence_report.jsonl",
      "fileType": "SEQUENCE_REPORT"
    }
  ]
},{
  "accession": "GCA_000864885.1",
  "files": [
    {
      "filePath": "GCA_000864885.1/GCA_000864885.1_ViralProj15500_genomic.fna",
      "fileType": "GENOMIC_NUCLEOTIDE_FASTA"
    },
    {
      "filePath": "GCA_000864885.1/sequence_report.jsonl",
      "fileType": "SEQUENCE_REPORT"
    }
  ]
},{
  "accession": "GCA_000868045.1",
  "files": [
    {
      "filePath": "GCA_000868045.1/GCA_000868045.1_ViralProj18867_genomic.fna",
      "fileType": "GENOMIC_NUCLEOTIDE_FASTA"
    },
    {
      "filePath": "GCA_000868045.1/sequence_report.jsonl",
      "fileType": "SEQUENCE_REPORT"
    }
  ]
},{
  "accession": "GCA_000870985.1",
  "files": [
    {
      "filePath": "GCA_000870985.1/GCA_000870985.1_ViralProj20135_genomic.fna",
      "fileType": "GENOMIC_NUCLEOTIDE_FASTA"
    },
    {
      "filePath": "GCA_000870985.1/sequence_report.jsonl",
      "fileType": "SEQUENCE_REPORT"
    }
  ]
},{
  "accession": "GCA_000872845.1",
  "files": [
    {
      "filePath": "GCA_000872845.1/GCA_000872845.1_ViralProj29509_genomic.fna",
      "fileType": "GENOMIC_NUCLEOTIDE_FASTA"
    },
    {
      "filePath": "GCA_000872845.1/sequence_report.jsonl",
      "fileType": "SEQUENCE_REPORT"
    }
  ]
},{
  "accession": "GCA_000873025.1",
  "files": [
    {
      "filePath": "GCA_000873025.1/GCA_000873025.1_ViralProj18865_genomic.fna",
      "fileType": "GENOMIC_NUCLEOTIDE_FASTA"
    },
    {
      "filePath": "GCA_000873025.1/sequence_report.jsonl",
      "fileType": "SEQUENCE_REPORT"
    }
  ]
},{
  "accession": "GCA_000875645.1",
  "files": [
    {
      "filePath": "GCA_000875645.1/GCA_000875645.1_ViralProj27911_genomic.fna",
      "fileType": "GENOMIC_NUCLEOTIDE_FASTA"
    },
    {
      "filePath": "GCA_000875645.1/sequence_report.jsonl",
      "fileType": "SEQUENCE_REPORT"
    }
  ]
},{
  "accession": "GCA_000879255.1",
  "files": [
    {
      "filePath": "GCA_000879255.1/GCA_000879255.1_ViralProj29247_genomic.fna",
      "fileType": "GENOMIC_NUCLEOTIDE_FASTA"
    },
    {
      "filePath": "GCA_000879255.1/sequence_report.jsonl",
      "fileType": "SEQUENCE_REPORT"
    }
  ]
},{
  "accession": "GCA_000879875.1",
  "files": [
    {
      "filePath": "GCA_000879875.1/GCA_000879875.1_ViralProj29245_genomic.fna",
      "fileType": "GENOMIC_NUCLEOTIDE_FASTA"
    },
    {
      "filePath": "GCA_000879875.1/sequence_report.jsonl",
      "fileType": "SEQUENCE_REPORT"
    }
  ]
},{
  "accession": "GCA_000880835.1",
  "files": [
    {
      "filePath": "GCA_000880835.1/GCA_000880835.1_ViralProj32703_genomic.fna",
      "fileType": "GENOMIC_NUCLEOTIDE_FASTA"
    },
    {
      "filePath": "GCA_000880835.1/sequence_report.jsonl",
      "fileType": "SEQUENCE_REPORT"
    }
  ]
},{
  "accession": "GCA_000886515.1",
  "files": [
    {
      "filePath": "GCA_000886515.1/GCA_000886515.1_ViralProj39313_genomic.fna",
      "fileType": "GENOMIC_NUCLEOTIDE_FASTA"
    },
    {
      "filePath": "GCA_000886515.1/sequence_report.jsonl",
      "fileType": "SEQUENCE_REPORT"
    }
  ]
},{
  "accession": "GCA_000887595.1",
  "files": [
    {
      "filePath": "GCA_000887595.1/GCA_000887595.1_ViralProj51751_genomic.fna",
      "fileType": "GENOMIC_NUCLEOTIDE_FASTA"
    },
    {
      "filePath": "GCA_000887595.1/sequence_report.jsonl",
      "fileType": "SEQUENCE_REPORT"
    }
  ]
},{
  "accession": "GCA_000894435.1",
  "files": [
    {
      "filePath": "GCA_000894435.1/GCA_000894435.1_ViralProj109275_genomic.fna",
      "fileType": "GENOMIC_NUCLEOTIDE_FASTA"
    },
    {
      "filePath": "GCA_000894435.1/sequence_report.jsonl",
      "fileType": "SEQUENCE_REPORT"
    }
  ]
},{
  "accession": "GCA_000895395.2",
  "files": [
    {
      "filePath": "GCA_000895395.2/GCA_000895395.2_ViralProj109271_genomic.fna",
      "fileType": "GENOMIC_NUCLEOTIDE_FASTA"
    },
    {
      "filePath": "GCA_000895395.2/sequence_report.jsonl",
      "fileType": "SEQUENCE_REPORT"
    }
  ]
},{
  "accession": "GCA_000896035.1",
  "files": [
    {
      "filePath": "GCA_000896035.1/GCA_000896035.1_ViralProj109277_genomic.fna",
      "fileType": "GENOMIC_NUCLEOTIDE_FASTA"
    },
    {
      "filePath": "GCA_000896035.1/sequence_report.jsonl",
      "fileType": "SEQUENCE_REPORT"
    }
  ]
},{
  "accession": "GCA_000896895.1",
  "files": [
    {
      "filePath": "GCA_000896895.1/GCA_000896895.1_ViralProj109281_genomic.fna",
      "fileType": "GENOMIC_NUCLEOTIDE_FASTA"
    },
    {
      "filePath": "GCA_000896895.1/sequence_report.jsonl",
      "fileType": "SEQUENCE_REPORT"
    }
  ]
},{
  "accession": "GCA_000896935.1",
  "files": [
    {
      "filePath": "GCA_000896935.1/GCA_000896935.1_ViralProj157249_genomic.fna",
      "fileType": "GENOMIC_NUCLEOTIDE_FASTA"
    },
    {
      "filePath": "GCA_000896935.1/sequence_report.jsonl",
      "fileType": "SEQUENCE_REPORT"
    }
  ]
},{
  "accession": "GCA_000899495.1",
  "files": [
    {
      "filePath": "GCA_000899495.1/GCA_000899495.1_ViralProj177902_genomic.fna",
      "fileType": "GENOMIC_NUCLEOTIDE_FASTA"
    },
    {
      "filePath": "GCA_000899495.1/sequence_report.jsonl",
      "fileType": "SEQUENCE_REPORT"
    }
  ]
},{
  "accession": "GCA_000901155.1",
  "files": [
    {
      "filePath": "GCA_000901155.1/GCA_000901155.1_ViralProj183710_genomic.fna",
      "fileType": "GENOMIC_NUCLEOTIDE_FASTA"
    },
    {
      "filePath": "GCA_000901155.1/sequence_report.jsonl",
      "fileType": "SEQUENCE_REPORT"
    }
  ]
},{
  "accession": "GCA_000912235.1",
  "files": [
    {
      "filePath": "GCA_000912235.1/GCA_000912235.1_ViralProj226084_genomic.fna",
      "fileType": "GENOMIC_NUCLEOTIDE_FASTA"
    },
    {
      "filePath": "GCA_000912235.1/sequence_report.jsonl",
      "fileType": "SEQUENCE_REPORT"
    }
  ]
},{
  "accession": "GCA_000913415.1",
  "files": [
    {
      "filePath": "GCA_000913415.1/GCA_000913415.1_ViralProj215863_genomic.fna",
      "fileType": "GENOMIC_NUCLEOTIDE_FASTA"
    },
    {
      "filePath": "GCA_000913415.1/sequence_report.jsonl",
      "fileType": "SEQUENCE_REPORT"
    }
  ]
},{
  "accession": "GCA_000919475.1",
  "files": [
    {
      "filePath": "GCA_000919475.1/GCA_000919475.1_ViralProj241029_genomic.fna",
      "fileType": "GENOMIC_NUCLEOTIDE_FASTA"
    },
    {
      "filePath": "GCA_000919475.1/sequence_report.jsonl",
      "fileType": "SEQUENCE_REPORT"
    }
  ]
},{
  "accession": "GCA_000926915.1",
  "files": [
    {
      "filePath": "GCA_000926915.1/GCA_000926915.1_ViralProj263036_genomic.fna",
      "fileType": "GENOMIC_NUCLEOTIDE_FASTA"
    },
    {
      "filePath": "GCA_000926915.1/sequence_report.jsonl",
      "fileType": "SEQUENCE_REPORT"
    }
  ]
},{
  "accession": "GCA_000930095.1",
  "files": [
    {
      "filePath": "GCA_000930095.1/GCA_000930095.1_ViralProj271776_genomic.fna",
      "fileType": "GENOMIC_NUCLEOTIDE_FASTA"
    },
    {
      "filePath": "GCA_000930095.1/sequence_report.jsonl",
      "fileType": "SEQUENCE_REPORT"
    }
  ]
},{
  "accession": "GCA_001500975.1",
  "files": [
    {
      "filePath": "GCA_001500975.1/GCA_001500975.1_ViralProj306529_genomic.fna",
      "fileType": "GENOMIC_NUCLEOTIDE_FASTA"
    },
    {
      "filePath": "GCA_001500975.1/sequence_report.jsonl",
      "fileType": "SEQUENCE_REPORT"
    }
  ]
},{
  "accession": "GCA_001501755.1",
  "files": [
    {
      "filePath": "GCA_001501755.1/GCA_001501755.1_ViralProj307855_genomic.fna",
      "fileType": "GENOMIC_NUCLEOTIDE_FASTA"
    },
    {
      "filePath": "GCA_001501755.1/sequence_report.jsonl",
      "fileType": "SEQUENCE_REPORT"
    }
  ]
},{
  "accession": "GCA_001503155.1",
  "files": [
    {
      "filePath": "GCA_001503155.1/GCA_001503155.1_ViralProj307859_genomic.fna",
      "fileType": "GENOMIC_NUCLEOTIDE_FASTA"
    },
    {
      "filePath": "GCA_001503155.1/sequence_report.jsonl",
      "fileType": "SEQUENCE_REPORT"
    }
  ]
},{
  "accession": "GCA_001504755.1",
  "files": [
    {
      "filePath": "GCA_001504755.1/GCA_001504755.1_ViralProj307856_genomic.fna",
      "fileType": "GENOMIC_NUCLEOTIDE_FASTA"
    },
    {
      "filePath": "GCA_001504755.1/sequence_report.jsonl",
      "fileType": "SEQUENCE_REPORT"
    }
  ]
},{
  "accession": "GCA_001505415.1",
  "files": [
    {
      "filePath": "GCA_001505415.1/GCA_001505415.1_ViralProj307857_genomic.fna",
      "fileType": "GENOMIC_NUCLEOTIDE_FASTA"
    },
    {
      "filePath": "GCA_001505415.1/sequence_report.jsonl",
      "fileType": "SEQUENCE_REPORT"
    }
  ]
},{
  "accession": "GCA_001661775.1",
  "files": [
    {
      "filePath": "GCA_001661775.1/GCA_001661775.1_ViralProj325258_genomic.fna",
      "fileType": "GENOMIC_NUCLEOTIDE_FASTA"
    },
    {
      "filePath": "GCA_001661775.1/sequence_report.jsonl",
      "fileType": "SEQUENCE_REPORT"
    }
  ]
},{
  "accession": "GCA_001725835.1",
  "files": [
    {
      "filePath": "GCA_001725835.1/GCA_001725835.1_ViralProj342647_genomic.fna",
      "fileType": "GENOMIC_NUCLEOTIDE_FASTA"
    },
    {
      "filePath": "GCA_001725835.1/sequence_report.jsonl",
      "fileType": "SEQUENCE_REPORT"
    }
  ]
},{
  "accession": "GCA_001904885.1",
  "files": [
    {
      "filePath": "GCA_001904885.1/GCA_001904885.1_ViralProj357487_genomic.fna",
      "fileType": "GENOMIC_NUCLEOTIDE_FASTA"
    },
    {
      "filePath": "GCA_001904885.1/sequence_report.jsonl",
      "fileType": "SEQUENCE_REPORT"
    }
  ]
},{
  "accession": "GCA_001962315.1",
  "files": [
    {
      "filePath": "GCA_001962315.1/GCA_001962315.1_ViralProj361952_genomic.fna",
      "fileType": "GENOMIC_NUCLEOTIDE_FASTA"
    },
    {
      "filePath": "GCA_001962315.1/sequence_report.jsonl",
      "fileType": "SEQUENCE_REPORT"
    }
  ]
},{
  "accession": "GCA_002118885.1",
  "files": [
    {
      "filePath": "GCA_002118885.1/GCA_002118885.1_ViralProj385635_genomic.fna",
      "fileType": "GENOMIC_NUCLEOTIDE_FASTA"
    },
    {
      "filePath": "GCA_002118885.1/sequence_report.jsonl",
      "fileType": "SEQUENCE_REPORT"
    }
  ]
},{
  "accession": "GCA_002194405.1",
  "files": [
    {
      "filePath": "GCA_002194405.1/GCA_002194405.1_ViralProj390412_genomic.fna",
      "fileType": "GENOMIC_NUCLEOTIDE_FASTA"
    },
    {
      "filePath": "GCA_002194405.1/sequence_report.jsonl",
      "fileType": "SEQUENCE_REPORT"
    }
  ]
},{
  "accession": "GCA_002816175.1",
  "files": [
    {
      "filePath": "GCA_002816175.1/GCA_002816175.1_ASM281617v1_genomic.fna",
      "fileType": "GENOMIC_NUCLEOTIDE_FASTA"
    },
    {
      "filePath": "GCA_002816175.1/sequence_report.jsonl",
      "fileType": "SEQUENCE_REPORT"
    }
  ]
},{
  "accession": "GCA_002816195.1",
  "files": [
    {
      "filePath": "GCA_002816195.1/GCA_002816195.1_ASM281619v1_genomic.fna",
      "fileType": "GENOMIC_NUCLEOTIDE_FASTA"
    },
    {
      "filePath": "GCA_002816195.1/sequence_report.jsonl",
      "fileType": "SEQUENCE_REPORT"
    }
  ]
},{
  "accession": "GCA_002816215.1",
  "files": [
    {
      "filePath": "GCA_002816215.1/GCA_002816215.1_ASM281621v1_genomic.fna",
      "fileType": "GENOMIC_NUCLEOTIDE_FASTA"
    },
    {
      "filePath": "GCA_002816215.1/sequence_report.jsonl",
      "fileType": "SEQUENCE_REPORT"
    }
  ]
},{
  "accession": "GCA_002816235.1",
  "files": [
    {
      "filePath": "GCA_002816235.1/GCA_002816235.1_ASM281623v1_genomic.fna",
      "fileType": "GENOMIC_NUCLEOTIDE_FASTA"
    },
    {
      "filePath": "GCA_002816235.1/sequence_report.jsonl",
      "fileType": "SEQUENCE_REPORT"
    }
  ]
},{
  "accession": "GCA_002922475.1",
  "files": [
    {
      "filePath": "GCA_002922475.1/GCA_002922475.1_ASM292247v1_genomic.fna",
      "fileType": "GENOMIC_NUCLEOTIDE_FASTA"
    },
    {
      "filePath": "GCA_002922475.1/sequence_report.jsonl",
      "fileType": "SEQUENCE_REPORT"
    }
  ]
},{
  "accession": "GCA_003971785.1",
  "files": [
    {
      "filePath": "GCA_003971785.1/GCA_003971785.1_ASM397178v1_genomic.fna",
      "fileType": "GENOMIC_NUCLEOTIDE_FASTA"
    },
    {
      "filePath": "GCA_003971785.1/sequence_report.jsonl",
      "fileType": "SEQUENCE_REPORT"
    }
  ]
},{
  "accession": "GCA_003971885.1",
  "files": [
    {
      "filePath": "GCA_003971885.1/GCA_003971885.1_ASM397188v1_genomic.fna",
      "fileType": "GENOMIC_NUCLEOTIDE_FASTA"
    },
    {
      "filePath": "GCA_003971885.1/sequence_report.jsonl",
      "fileType": "SEQUENCE_REPORT"
    }
  ]
},{
  "accession": "GCA_003972065.1",
  "files": [
    {
      "filePath": "GCA_003972065.1/GCA_003972065.1_ASM397206v1_genomic.fna",
      "fileType": "GENOMIC_NUCLEOTIDE_FASTA"
    },
    {
      "filePath": "GCA_003972065.1/sequence_report.jsonl",
      "fileType": "SEQUENCE_REPORT"
    }
  ]
},{
  "accession": "GCA_003972325.1",
  "files": [
    {
      "filePath": "GCA_003972325.1/GCA_003972325.1_ASM397232v1_genomic.fna",
      "fileType": "GENOMIC_NUCLEOTIDE_FASTA"
    },
    {
      "filePath": "GCA_003972325.1/sequence_report.jsonl",
      "fileType": "SEQUENCE_REPORT"
    }
  ]
},{
  "accession": "GCA_009858895.3",
  "files": [
    {
      "filePath": "GCA_009858895.3/GCA_009858895.3_ASM985889v3_genomic.fna",
      "fileType": "GENOMIC_NUCLEOTIDE_FASTA"
    },
    {
      "filePath": "GCA_009858895.3/sequence_report.jsonl",
      "fileType": "SEQUENCE_REPORT"
    }
  ]
},{
  "accession": "GCA_009937885.1",
  "files": [
    {
      "filePath": "GCA_009937885.1/GCA_009937885.1_ASM993788v1_genomic.fna",
      "fileType": "GENOMIC_NUCLEOTIDE_FASTA"
    },
    {
      "filePath": "GCA_009937885.1/sequence_report.jsonl",
      "fileType": "SEQUENCE_REPORT"
    }
  ]
},{
  "accession": "GCA_009937895.1",
  "files": [
    {
      "filePath": "GCA_009937895.1/GCA_009937895.1_ASM993789v1_genomic.fna",
      "fileType": "GENOMIC_NUCLEOTIDE_FASTA"
    },
    {
      "filePath": "GCA_009937895.1/sequence_report.jsonl",
      "fileType": "SEQUENCE_REPORT"
    }
  ]
},{
  "accession": "GCA_009937905.1",
  "files": [
    {
      "filePath": "GCA_009937905.1/GCA_009937905.1_ASM993790v1_genomic.fna",
      "fileType": "GENOMIC_NUCLEOTIDE_FASTA"
    },
    {
      "filePath": "GCA_009937905.1/sequence_report.jsonl",
      "fileType": "SEQUENCE_REPORT"
    }
  ]
},{
  "accession": "GCA_009937915.1",
  "files": [
    {
      "filePath": "GCA_009937915.1/GCA_009937915.1_ASM993791v1_genomic.fna",
      "fileType": "GENOMIC_NUCLEOTIDE_FASTA"
    },
    {
      "filePath": "GCA_009937915.1/sequence_report.jsonl",
      "fileType": "SEQUENCE_REPORT"
    }
  ]
},{
  "accession": "GCA_009937925.1",
  "files": [
    {
      "filePath": "GCA_009937925.1/GCA_009937925.1_ASM993792v1_genomic.fna",
      "fileType": "GENOMIC_NUCLEOTIDE_FASTA"
    },
    {
      "filePath": "GCA_009937925.1/sequence_report.jsonl",
      "fileType": "SEQUENCE_REPORT"
    }
  ]
},{
  "accession": "GCA_009937935.1",
  "files": [
    {
      "filePath": "GCA_009937935.1/GCA_009937935.1_ASM993793v1_genomic.fna",
      "fileType": "GENOMIC_NUCLEOTIDE_FASTA"
    },
    {
      "filePath": "GCA_009937935.1/sequence_report.jsonl",
      "fileType": "SEQUENCE_REPORT"
    }
  ]
},{
  "accession": "GCA_009937945.1",
  "files": [
    {
      "filePath": "GCA_009937945.1/GCA_009937945.1_ASM993794v1_genomic.fna",
      "fileType": "GENOMIC_NUCLEOTIDE_FASTA"
    },
    {
      "filePath": "GCA_009937945.1/sequence_report.jsonl",
      "fileType": "SEQUENCE_REPORT"
    }
  ]
},{
  "accession": "GCA_009938055.1",
  "files": [
    {
      "filePath": "GCA_009938055.1/GCA_009938055.1_ASM993805v1_genomic.fna",
      "fileType": "GENOMIC_NUCLEOTIDE_FASTA"
    },
    {
      "filePath": "GCA_009938055.1/sequence_report.jsonl",
      "fileType": "SEQUENCE_REPORT"
    }
  ]
},{
  "accession": "GCA_009938065.1",
  "files": [
    {
      "filePath": "GCA_009938065.1/GCA_009938065.1_ASM993806v1_genomic.fna",
      "fileType": "GENOMIC_NUCLEOTIDE_FASTA"
    },
    {
      "filePath": "GCA_009938065.1/sequence_report.jsonl",
      "fileType": "SEQUENCE_REPORT"
    }
  ]
},{
  "accession": "GCA_009948425.1",
  "files": [
    {
      "filePath": "GCA_009948425.1/GCA_009948425.1_ASM994842v1_genomic.fna",
      "fileType": "GENOMIC_NUCLEOTIDE_FASTA"
    },
    {
      "filePath": "GCA_009948425.1/sequence_report.jsonl",
      "fileType": "SEQUENCE_REPORT"
    }
  ]
},{
  "accession": "GCA_009948465.1",
  "files": [
    {
      "filePath": "GCA_009948465.1/GCA_009948465.1_ASM994846v1_genomic.fna",
      "fileType": "GENOMIC_NUCLEOTIDE_FASTA"
    },
    {
      "filePath": "GCA_009948465.1/sequence_report.jsonl",
      "fileType": "SEQUENCE_REPORT"
    }
  ]
},{
  "accession": "GCA_009948495.1",
  "files": [
    {
      "filePath": "GCA_009948495.1/GCA_009948495.1_ASM994849v1_genomic.fna",
      "fileType": "GENOMIC_NUCLEOTIDE_FASTA"
    },
    {
      "filePath": "GCA_009948495.1/sequence_report.jsonl",
      "fileType": "SEQUENCE_REPORT"
    }
  ]
},{
  "accession": "GCA_009948525.1",
  "files": [
    {
      "filePath": "GCA_009948525.1/GCA_009948525.1_ASM994852v1_genomic.fna",
      "fileType": "GENOMIC_NUCLEOTIDE_FASTA"
    },
    {
      "filePath": "GCA_009948525.1/sequence_report.jsonl",
      "fileType": "SEQUENCE_REPORT"
    }
  ]
},{
  "accession": "GCA_009948555.1",
  "files": [
    {
      "filePath": "GCA_009948555.1/GCA_009948555.1_ASM994855v1_genomic.fna",
      "fileType": "GENOMIC_NUCLEOTIDE_FASTA"
    },
    {
      "filePath": "GCA_009948555.1/sequence_report.jsonl",
      "fileType": "SEQUENCE_REPORT"
    }
  ]
},{
  "accession": "GCA_011536975.1",
  "files": [
    {
      "filePath": "GCA_011536975.1/GCA_011536975.1_ASM1153697v1_genomic.fna",
      "fileType": "GENOMIC_NUCLEOTIDE_FASTA"
    },
    {
      "filePath": "GCA_011536975.1/sequence_report.jsonl",
      "fileType": "SEQUENCE_REPORT"
    }
  ]
},{
  "accession": "GCA_011537005.1",
  "files": [
    {
      "filePath": "GCA_011537005.1/GCA_011537005.1_ASM1153700v1_genomic.fna",
      "fileType": "GENOMIC_NUCLEOTIDE_FASTA"
    },
    {
      "filePath": "GCA_011537005.1/sequence_report.jsonl",
      "fileType": "SEQUENCE_REPORT"
    }
  ]
},{
  "accession": "GCA_011537015.1",
  "files": [
    {
      "filePath": "GCA_011537015.1/GCA_011537015.1_ASM1153701v1_genomic.fna",
      "fileType": "GENOMIC_NUCLEOTIDE_FASTA"
    },
    {
      "filePath": "GCA_011537015.1/sequence_report.jsonl",
      "fileType": "SEQUENCE_REPORT"
    }
  ]
},{
  "accession": "GCA_011537065.1",
  "files": [
    {
      "filePath": "GCA_011537065.1/GCA_011537065.1_ASM1153706v1_genomic.fna",
      "fileType": "GENOMIC_NUCLEOTIDE_FASTA"
    },
    {
      "filePath": "GCA_011537065.1/sequence_report.jsonl",
      "fileType": "SEQUENCE_REPORT"
    }
  ]
},{
  "accession": "GCA_011537075.1",
  "files": [
    {
      "filePath": "GCA_011537075.1/GCA_011537075.1_ASM1153707v1_genomic.fna",
      "fileType": "GENOMIC_NUCLEOTIDE_FASTA"
    },
    {
      "filePath": "GCA_011537075.1/sequence_report.jsonl",
      "fileType": "SEQUENCE_REPORT"
    }
  ]
},{
  "accession": "GCA_011537085.1",
  "files": [
    {
      "filePath": "GCA_011537085.1/GCA_011537085.1_ASM1153708v1_genomic.fna",
      "fileType": "GENOMIC_NUCLEOTIDE_FASTA"
    },
    {
      "filePath": "GCA_011537085.1/sequence_report.jsonl",
      "fileType": "SEQUENCE_REPORT"
    }
  ]
},{
  "accession": "GCA_011537135.1",
  "files": [
    {
      "filePath": "GCA_011537135.1/GCA_011537135.1_ASM1153713v1_genomic.fna",
      "fileType": "GENOMIC_NUCLEOTIDE_FASTA"
    },
    {
      "filePath": "GCA_011537135.1/sequence_report.jsonl",
      "fileType": "SEQUENCE_REPORT"
    }
  ]
},{
  "accession": "GCA_011537145.1",
  "files": [
    {
      "filePath": "GCA_011537145.1/GCA_011537145.1_ASM1153714v1_genomic.fna",
      "fileType": "GENOMIC_NUCLEOTIDE_FASTA"
    },
    {
      "filePath": "GCA_011537145.1/sequence_report.jsonl",
      "fileType": "SEQUENCE_REPORT"
    }
  ]
},{
  "accession": "GCA_011537155.1",
  "files": [
    {
      "filePath": "GCA_011537155.1/GCA_011537155.1_ASM1153715v1_genomic.fna",
      "fileType": "GENOMIC_NUCLEOTIDE_FASTA"
    },
    {
      "filePath": "GCA_011537155.1/sequence_report.jsonl",
      "fileType": "SEQUENCE_REPORT"
    }
  ]
},{
  "accession": "GCA_011537225.1",
  "files": [
    {
      "filePath": "GCA_011537225.1/GCA_011537225.1_ASM1153722v1_genomic.fna",
      "fileType": "GENOMIC_NUCLEOTIDE_FASTA"
    },
    {
      "filePath": "GCA_011537225.1/sequence_report.jsonl",
      "fileType": "SEQUENCE_REPORT"
    }
  ]
},{
  "accession": "GCA_011537235.1",
  "files": [
    {
      "filePath": "GCA_011537235.1/GCA_011537235.1_ASM1153723v1_genomic.fna",
      "fileType": "GENOMIC_NUCLEOTIDE_FASTA"
    },
    {
      "filePath": "GCA_011537235.1/sequence_report.jsonl",
      "fileType": "SEQUENCE_REPORT"
    }
  ]
},{
  "accession": "GCA_011537265.1",
  "files": [
    {
      "filePath": "GCA_011537265.1/GCA_011537265.1_ASM1153726v1_genomic.fna",
      "fileType": "GENOMIC_NUCLEOTIDE_FASTA"
    },
    {
      "filePath": "GCA_011537265.1/sequence_report.jsonl",
      "fileType": "SEQUENCE_REPORT"
    }
  ]
},{
  "accession": "GCA_011537295.1",
  "files": [
    {
      "filePath": "GCA_011537295.1/GCA_011537295.1_ASM1153729v1_genomic.fna",
      "fileType": "GENOMIC_NUCLEOTIDE_FASTA"
    },
    {
      "filePath": "GCA_011537295.1/sequence_report.jsonl",
      "fileType": "SEQUENCE_REPORT"
    }
  ]
},{
  "accession": "GCA_011537325.1",
  "files": [
    {
      "filePath": "GCA_011537325.1/GCA_011537325.1_ASM1153732v1_genomic.fna",
      "fileType": "GENOMIC_NUCLEOTIDE_FASTA"
    },
    {
      "filePath": "GCA_011537325.1/sequence_report.jsonl",
      "fileType": "SEQUENCE_REPORT"
    }
  ]
},{
  "accession": "GCA_011537355.1",
  "files": [
    {
      "filePath": "GCA_011537355.1/GCA_011537355.1_ASM1153735v1_genomic.fna",
      "fileType": "GENOMIC_NUCLEOTIDE_FASTA"
    },
    {
      "filePath": "GCA_011537355.1/sequence_report.jsonl",
      "fileType": "SEQUENCE_REPORT"
    }
  ]
},{
  "accession": "GCA_011537365.1",
  "files": [
    {
      "filePath": "GCA_011537365.1/GCA_011537365.1_ASM1153736v1_genomic.fna",
      "fileType": "GENOMIC_NUCLEOTIDE_FASTA"
    },
    {
      "filePath": "GCA_011537365.1/sequence_report.jsonl",
      "fileType": "SEQUENCE_REPORT"
    }
  ]
},{
  "accession": "GCA_011537395.1",
  "files": [
    {
      "filePath": "GCA_011537395.1/GCA_011537395.1_ASM1153739v1_genomic.fna",
      "fileType": "GENOMIC_NUCLEOTIDE_FASTA"
    },
    {
      "filePath": "GCA_011537395.1/sequence_report.jsonl",
      "fileType": "SEQUENCE_REPORT"
    }
  ]
},{
  "accession": "GCA_011537425.1",
  "files": [
    {
      "filePath": "GCA_011537425.1/GCA_011537425.1_ASM1153742v1_genomic.fna",
      "fileType": "GENOMIC_NUCLEOTIDE_FASTA"
    },
    {
      "filePath": "GCA_011537425.1/sequence_report.jsonl",
      "fileType": "SEQUENCE_REPORT"
    }
  ]
},{
  "accession": "GCA_011537455.1",
  "files": [
    {
      "filePath": "GCA_011537455.1/GCA_011537455.1_ASM1153745v1_genomic.fna",
      "fileType": "GENOMIC_NUCLEOTIDE_FASTA"
    },
    {
      "filePath": "GCA_011537455.1/sequence_report.jsonl",
      "fileType": "SEQUENCE_REPORT"
    }
  ]
},{
  "accession": "GCA_011537465.1",
  "files": [
    {
      "filePath": "GCA_011537465.1/GCA_011537465.1_ASM1153746v1_genomic.fna",
      "fileType": "GENOMIC_NUCLEOTIDE_FASTA"
    },
    {
      "filePath": "GCA_011537465.1/sequence_report.jsonl",
      "fileType": "SEQUENCE_REPORT"
    }
  ]
},{
  "accession": "GCA_011537475.1",
  "files": [
    {
      "filePath": "GCA_011537475.1/GCA_011537475.1_ASM1153747v1_genomic.fna",
      "fileType": "GENOMIC_NUCLEOTIDE_FASTA"
    },
    {
      "filePath": "GCA_011537475.1/sequence_report.jsonl",
      "fileType": "SEQUENCE_REPORT"
    }
  ]
},{
  "accession": "GCA_011537505.1",
  "files": [
    {
      "filePath": "GCA_011537505.1/GCA_011537505.1_ASM1153750v1_genomic.fna",
      "fileType": "GENOMIC_NUCLEOTIDE_FASTA"
    },
    {
      "filePath": "GCA_011537505.1/sequence_report.jsonl",
      "fileType": "SEQUENCE_REPORT"
    }
  ]
},{
  "accession": "GCA_011537515.1",
  "files": [
    {
      "filePath": "GCA_011537515.1/GCA_011537515.1_ASM1153751v1_genomic.fna",
      "fileType": "GENOMIC_NUCLEOTIDE_FASTA"
    },
    {
      "filePath": "GCA_011537515.1/sequence_report.jsonl",
      "fileType": "SEQUENCE_REPORT"
    }
  ]
},{
  "accession": "GCA_011537525.1",
  "files": [
    {
      "filePath": "GCA_011537525.1/GCA_011537525.1_ASM1153752v1_genomic.fna",
      "fileType": "GENOMIC_NUCLEOTIDE_FASTA"
    },
    {
      "filePath": "GCA_011537525.1/sequence_report.jsonl",
      "fileType": "SEQUENCE_REPORT"
    }
  ]
},{
  "accession": "GCA_011537555.1",
  "files": [
    {
      "filePath": "GCA_011537555.1/GCA_011537555.1_ASM1153755v1_genomic.fna",
      "fileType": "GENOMIC_NUCLEOTIDE_FASTA"
    },
    {
      "filePath": "GCA_011537555.1/sequence_report.jsonl",
      "fileType": "SEQUENCE_REPORT"
    }
  ]
},{
  "accession": "GCA_011537565.1",
  "files": [
    {
      "filePath": "GCA_011537565.1/GCA_011537565.1_ASM1153756v1_genomic.fna",
      "fileType": "GENOMIC_NUCLEOTIDE_FASTA"
    },
    {
      "filePath": "GCA_011537565.1/sequence_report.jsonl",
      "fileType": "SEQUENCE_REPORT"
    }
  ]
},{
  "accession": "GCA_011537615.1",
  "files": [
    {
      "filePath": "GCA_011537615.1/GCA_011537615.1_ASM1153761v1_genomic.fna",
      "fileType": "GENOMIC_NUCLEOTIDE_FASTA"
    },
    {
      "filePath": "GCA_011537615.1/sequence_report.jsonl",
      "fileType": "SEQUENCE_REPORT"
    }
  ]
},{
  "accession": "GCA_011537625.1",
  "files": [
    {
      "filePath": "GCA_011537625.1/GCA_011537625.1_ASM1153762v1_genomic.fna",
      "fileType": "GENOMIC_NUCLEOTIDE_FASTA"
    },
    {
      "filePath": "GCA_011537625.1/sequence_report.jsonl",
      "fileType": "SEQUENCE_REPORT"
    }
  ]
},{
  "accession": "GCA_011537695.1",
  "files": [
    {
      "filePath": "GCA_011537695.1/GCA_011537695.1_ASM1153769v1_genomic.fna",
      "fileType": "GENOMIC_NUCLEOTIDE_FASTA"
    },
    {
      "filePath": "GCA_011537695.1/sequence_report.jsonl",
      "fileType": "SEQUENCE_REPORT"
    }
  ]
},{
  "accession": "GCA_011537705.1",
  "files": [
    {
      "filePath": "GCA_011537705.1/GCA_011537705.1_ASM1153770v1_genomic.fna",
      "fileType": "GENOMIC_NUCLEOTIDE_FASTA"
    },
    {
      "filePath": "GCA_011537705.1/sequence_report.jsonl",
      "fileType": "SEQUENCE_REPORT"
    }
  ]
},{
  "accession": "GCA_011537715.1",
  "files": [
    {
      "filePath": "GCA_011537715.1/GCA_011537715.1_ASM1153771v1_genomic.fna",
      "fileType": "GENOMIC_NUCLEOTIDE_FASTA"
    },
    {
      "filePath": "GCA_011537715.1/sequence_report.jsonl",
      "fileType": "SEQUENCE_REPORT"
    }
  ]
},{
  "accession": "GCA_011537785.1",
  "files": [
    {
      "filePath": "GCA_011537785.1/GCA_011537785.1_ASM1153778v1_genomic.fna",
      "fileType": "GENOMIC_NUCLEOTIDE_FASTA"
    },
    {
      "filePath": "GCA_011537785.1/sequence_report.jsonl",
      "fileType": "SEQUENCE_REPORT"
    }
  ]
},{
  "accession": "GCA_011537815.1",
  "files": [
    {
      "filePath": "GCA_011537815.1/GCA_011537815.1_ASM1153781v1_genomic.fna",
      "fileType": "GENOMIC_NUCLEOTIDE_FASTA"
    },
    {
      "filePath": "GCA_011537815.1/sequence_report.jsonl",
      "fileType": "SEQUENCE_REPORT"
    }
  ]
},{
  "accession": "GCA_011537825.2",
  "files": [
    {
      "filePath": "GCA_011537825.2/GCA_011537825.2_ASM1153782v2_genomic.fna",
      "fileType": "GENOMIC_NUCLEOTIDE_FASTA"
    },
    {
      "filePath": "GCA_011537825.2/sequence_report.jsonl",
      "fileType": "SEQUENCE_REPORT"
    }
  ]
},{
  "accession": "GCA_011537835.2",
  "files": [
    {
      "filePath": "GCA_011537835.2/GCA_011537835.2_ASM1153783v2_genomic.fna",
      "fileType": "GENOMIC_NUCLEOTIDE_FASTA"
    },
    {
      "filePath": "GCA_011537835.2/sequence_report.jsonl",
      "fileType": "SEQUENCE_REPORT"
    }
  ]
},{
  "accession": "GCA_011537865.2",
  "files": [
    {
      "filePath": "GCA_011537865.2/GCA_011537865.2_ASM1153786v2_genomic.fna",
      "fileType": "GENOMIC_NUCLEOTIDE_FASTA"
    },
    {
      "filePath": "GCA_011537865.2/sequence_report.jsonl",
      "fileType": "SEQUENCE_REPORT"
    }
  ]
},{
  "accession": "GCA_011537895.2",
  "files": [
    {
      "filePath": "GCA_011537895.2/GCA_011537895.2_ASM1153789v2_genomic.fna",
      "fileType": "GENOMIC_NUCLEOTIDE_FASTA"
    },
    {
      "filePath": "GCA_011537895.2/sequence_report.jsonl",
      "fileType": "SEQUENCE_REPORT"
    }
  ]
},{
  "accession": "GCA_011537945.2",
  "files": [
    {
      "filePath": "GCA_011537945.2/GCA_011537945.2_ASM1153794v2_genomic.fna",
      "fileType": "GENOMIC_NUCLEOTIDE_FASTA"
    },
    {
      "filePath": "GCA_011537945.2/sequence_report.jsonl",
      "fileType": "SEQUENCE_REPORT"
    }
  ]
},{
  "accession": "GCA_011537975.2",
  "files": [
    {
      "filePath": "GCA_011537975.2/GCA_011537975.2_ASM1153797v2_genomic.fna",
      "fileType": "GENOMIC_NUCLEOTIDE_FASTA"
    },
    {
      "filePath": "GCA_011537975.2/sequence_report.jsonl",
      "fileType": "SEQUENCE_REPORT"
    }
  ]
},{
  "accession": "GCA_011537985.2",
  "files": [
    {
      "filePath": "GCA_011537985.2/GCA_011537985.2_ASM1153798v2_genomic.fna",
      "fileType": "GENOMIC_NUCLEOTIDE_FASTA"
    },
    {
      "filePath": "GCA_011537985.2/sequence_report.jsonl",
      "fileType": "SEQUENCE_REPORT"
    }
  ]
},{
  "accession": "GCA_011538015.2",
  "files": [
    {
      "filePath": "GCA_011538015.2/GCA_011538015.2_ASM1153801v2_genomic.fna",
      "fileType": "GENOMIC_NUCLEOTIDE_FASTA"
    },
    {
      "filePath": "GCA_011538015.2/sequence_report.jsonl",
      "fileType": "SEQUENCE_REPORT"
    }
  ]
},{
  "accession": "GCA_011538025.2",
  "files": [
    {
      "filePath": "GCA_011538025.2/GCA_011538025.2_ASM1153802v2_genomic.fna",
      "fileType": "GENOMIC_NUCLEOTIDE_FASTA"
    },
    {
      "filePath": "GCA_011538025.2/sequence_report.jsonl",
      "fileType": "SEQUENCE_REPORT"
    }
  ]
},{
  "accession": "GCA_011538055.2",
  "files": [
    {
      "filePath": "GCA_011538055.2/GCA_011538055.2_ASM1153805v2_genomic.fna",
      "fileType": "GENOMIC_NUCLEOTIDE_FASTA"
    },
    {
      "filePath": "GCA_011538055.2/sequence_report.jsonl",
      "fileType": "SEQUENCE_REPORT"
    }
  ]
},{
  "accession": "GCA_011538105.2",
  "files": [
    {
      "filePath": "GCA_011538105.2/GCA_011538105.2_ASM1153810v2_genomic.fna",
      "fileType": "GENOMIC_NUCLEOTIDE_FASTA"
    },
    {
      "filePath": "GCA_011538105.2/sequence_report.jsonl",
      "fileType": "SEQUENCE_REPORT"
    }
  ]
},{
  "accession": "GCA_011544975.2",
  "files": [
    {
      "filePath": "GCA_011544975.2/GCA_011544975.2_ASM1154497v2_genomic.fna",
      "fileType": "GENOMIC_NUCLEOTIDE_FASTA"
    },
    {
      "filePath": "GCA_011544975.2/sequence_report.jsonl",
      "fileType": "SEQUENCE_REPORT"
    }
  ]
},{
  "accession": "GCA_011545025.2",
  "files": [
    {
      "filePath": "GCA_011545025.2/GCA_011545025.2_ASM1154502v2_genomic.fna",
      "fileType": "GENOMIC_NUCLEOTIDE_FASTA"
    },
    {
      "filePath": "GCA_011545025.2/sequence_report.jsonl",
      "fileType": "SEQUENCE_REPORT"
    }
  ]
},{
  "accession": "GCA_011545035.1",
  "files": [
    {
      "filePath": "GCA_011545035.1/GCA_011545035.1_ASM1154503v1_genomic.fna",
      "fileType": "GENOMIC_NUCLEOTIDE_FASTA"
    },
    {
      "filePath": "GCA_011545035.1/sequence_report.jsonl",
      "fileType": "SEQUENCE_REPORT"
    }
  ]
},{
  "accession": "GCA_011545065.2",
  "files": [
    {
      "filePath": "GCA_011545065.2/GCA_011545065.2_ASM1154506v2_genomic.fna",
      "fileType": "GENOMIC_NUCLEOTIDE_FASTA"
    },
    {
      "filePath": "GCA_011545065.2/sequence_report.jsonl",
      "fileType": "SEQUENCE_REPORT"
    }
  ]
},{
  "accession": "GCA_011545075.2",
  "files": [
    {
      "filePath": "GCA_011545075.2/GCA_011545075.2_ASM1154507v2_genomic.fna",
      "fileType": "GENOMIC_NUCLEOTIDE_FASTA"
    },
    {
      "filePath": "GCA_011545075.2/sequence_report.jsonl",
      "fileType": "SEQUENCE_REPORT"
    }
  ]
},{
  "accession": "GCA_011545085.2",
  "files": [
    {
      "filePath": "GCA_011545085.2/GCA_011545085.2_ASM1154508v2_genomic.fna",
      "fileType": "GENOMIC_NUCLEOTIDE_FASTA"
    },
    {
      "filePath": "GCA_011545085.2/sequence_report.jsonl",
      "fileType": "SEQUENCE_REPORT"
    }
  ]
},{
  "accession": "GCA_011545095.2",
  "files": [
    {
      "filePath": "GCA_011545095.2/GCA_011545095.2_ASM1154509v2_genomic.fna",
      "fileType": "GENOMIC_NUCLEOTIDE_FASTA"
    },
    {
      "filePath": "GCA_011545095.2/sequence_report.jsonl",
      "fileType": "SEQUENCE_REPORT"
    }
  ]
},{
  "accession": "GCA_011545125.2",
  "files": [
    {
      "filePath": "GCA_011545125.2/GCA_011545125.2_ASM1154512v2_genomic.fna",
      "fileType": "GENOMIC_NUCLEOTIDE_FASTA"
    },
    {
      "filePath": "GCA_011545125.2/sequence_report.jsonl",
      "fileType": "SEQUENCE_REPORT"
    }
  ]
},{
  "accession": "GCA_011545135.1",
  "files": [
    {
      "filePath": "GCA_011545135.1/GCA_011545135.1_ASM1154513v1_genomic.fna",
      "fileType": "GENOMIC_NUCLEOTIDE_FASTA"
    },
    {
      "filePath": "GCA_011545135.1/sequence_report.jsonl",
      "fileType": "SEQUENCE_REPORT"
    }
  ]
},{
  "accession": "GCA_011545165.1",
  "files": [
    {
      "filePath": "GCA_011545165.1/GCA_011545165.1_ASM1154516v1_genomic.fna",
      "fileType": "GENOMIC_NUCLEOTIDE_FASTA"
    },
    {
      "filePath": "GCA_011545165.1/sequence_report.jsonl",
      "fileType": "SEQUENCE_REPORT"
    }
  ]
},{
  "accession": "GCA_011545235.1",
  "files": [
    {
      "filePath": "GCA_011545235.1/GCA_011545235.1_ASM1154523v1_genomic.fna",
      "fileType": "GENOMIC_NUCLEOTIDE_FASTA"
    },
    {
      "filePath": "GCA_011545235.1/sequence_report.jsonl",
      "fileType": "SEQUENCE_REPORT"
    }
  ]
},{
  "accession": "GCA_011545245.1",
  "files": [
    {
      "filePath": "GCA_011545245.1/GCA_011545245.1_ASM1154524v1_genomic.fna",
      "fileType": "GENOMIC_NUCLEOTIDE_FASTA"
    },
    {
      "filePath": "GCA_011545245.1/sequence_report.jsonl",
      "fileType": "SEQUENCE_REPORT"
    }
  ]
},{
  "accession": "GCA_011545275.1",
  "files": [
    {
      "filePath": "GCA_011545275.1/GCA_011545275.1_ASM1154527v1_genomic.fna",
      "fileType": "GENOMIC_NUCLEOTIDE_FASTA"
    },
    {
      "filePath": "GCA_011545275.1/sequence_report.jsonl",
      "fileType": "SEQUENCE_REPORT"
    }
  ]
},{
  "accession": "GCA_011545285.2",
  "files": [
    {
      "filePath": "GCA_011545285.2/GCA_011545285.2_ASM1154528v2_genomic.fna",
      "fileType": "GENOMIC_NUCLEOTIDE_FASTA"
    },
    {
      "filePath": "GCA_011545285.2/sequence_report.jsonl",
      "fileType": "SEQUENCE_REPORT"
    }
  ]
},{
  "accession": "GCA_011545295.1",
  "files": [
    {
      "filePath": "GCA_011545295.1/GCA_011545295.1_ASM1154529v1_genomic.fna",
      "fileType": "GENOMIC_NUCLEOTIDE_FASTA"
    },
    {
      "filePath": "GCA_011545295.1/sequence_report.jsonl",
      "fileType": "SEQUENCE_REPORT"
    }
  ]
},{
  "accession": "GCA_011545325.2",
  "files": [
    {
      "filePath": "GCA_011545325.2/GCA_011545325.2_ASM1154532v2_genomic.fna",
      "fileType": "GENOMIC_NUCLEOTIDE_FASTA"
    },
    {
      "filePath": "GCA_011545325.2/sequence_report.jsonl",
      "fileType": "SEQUENCE_REPORT"
    }
  ]
},{
  "accession": "GCA_011545335.2",
  "files": [
    {
      "filePath": "GCA_011545335.2/GCA_011545335.2_ASM1154533v2_genomic.fna",
      "fileType": "GENOMIC_NUCLEOTIDE_FASTA"
    },
    {
      "filePath": "GCA_011545335.2/sequence_report.jsonl",
      "fileType": "SEQUENCE_REPORT"
    }
  ]
},{
  "accession": "GCA_011545345.1",
  "files": [
    {
      "filePath": "GCA_011545345.1/GCA_011545345.1_ASM1154534v1_genomic.fna",
      "fileType": "GENOMIC_NUCLEOTIDE_FASTA"
    },
    {
      "filePath": "GCA_011545345.1/sequence_report.jsonl",
      "fileType": "SEQUENCE_REPORT"
    }
  ]
},{
  "accession": "GCA_011545355.1",
  "files": [
    {
      "filePath": "GCA_011545355.1/GCA_011545355.1_ASM1154535v1_genomic.fna",
      "fileType": "GENOMIC_NUCLEOTIDE_FASTA"
    },
    {
      "filePath": "GCA_011545355.1/sequence_report.jsonl",
      "fileType": "SEQUENCE_REPORT"
    }
  ]
},{
  "accession": "GCA_011545425.1",
  "files": [
    {
      "filePath": "GCA_011545425.1/GCA_011545425.1_ASM1154542v1_genomic.fna",
      "fileType": "GENOMIC_NUCLEOTIDE_FASTA"
    },
    {
      "filePath": "GCA_011545425.1/sequence_report.jsonl",
      "fileType": "SEQUENCE_REPORT"
    }
  ]
},{
  "accession": "GCA_011545455.1",
  "files": [
    {
      "filePath": "GCA_011545455.1/GCA_011545455.1_ASM1154545v1_genomic.fna",
      "fileType": "GENOMIC_NUCLEOTIDE_FASTA"
    },
    {
      "filePath": "GCA_011545455.1/sequence_report.jsonl",
      "fileType": "SEQUENCE_REPORT"
    }
  ]
},{
  "accession": "GCA_011545485.1",
  "files": [
    {
      "filePath": "GCA_011545485.1/GCA_011545485.1_ASM1154548v1_genomic.fna",
      "fileType": "GENOMIC_NUCLEOTIDE_FASTA"
    },
    {
      "filePath": "GCA_011545485.1/sequence_report.jsonl",
      "fileType": "SEQUENCE_REPORT"
    }
  ]
},{
  "accession": "GCA_011545495.1",
  "files": [
    {
      "filePath": "GCA_011545495.1/GCA_011545495.1_ASM1154549v1_genomic.fna",
      "fileType": "GENOMIC_NUCLEOTIDE_FASTA"
    },
    {
      "filePath": "GCA_011545495.1/sequence_report.jsonl",
      "fileType": "SEQUENCE_REPORT"
    }
  ]
},{
  "accession": "GCA_011545505.1",
  "files": [
    {
      "filePath": "GCA_011545505.1/GCA_011545505.1_ASM1154550v1_genomic.fna",
      "fileType": "GENOMIC_NUCLEOTIDE_FASTA"
    },
    {
      "filePath": "GCA_011545505.1/sequence_report.jsonl",
      "fileType": "SEQUENCE_REPORT"
    }
  ]
},{
  "accession": "GCA_011545535.1",
  "files": [
    {
      "filePath": "GCA_011545535.1/GCA_011545535.1_ASM1154553v1_genomic.fna",
      "fileType": "GENOMIC_NUCLEOTIDE_FASTA"
    },
    {
      "filePath": "GCA_011545535.1/sequence_report.jsonl",
      "fileType": "SEQUENCE_REPORT"
    }
  ]
},{
  "accession": "GCA_011545545.1",
  "files": [
    {
      "filePath": "GCA_011545545.1/GCA_011545545.1_ASM1154554v1_genomic.fna",
      "fileType": "GENOMIC_NUCLEOTIDE_FASTA"
    },
    {
      "filePath": "GCA_011545545.1/sequence_report.jsonl",
      "fileType": "SEQUENCE_REPORT"
    }
  ]
},{
  "accession": "GCA_011545555.1",
  "files": [
    {
      "filePath": "GCA_011545555.1/GCA_011545555.1_ASM1154555v1_genomic.fna",
      "fileType": "GENOMIC_NUCLEOTIDE_FASTA"
    },
    {
      "filePath": "GCA_011545555.1/sequence_report.jsonl",
      "fileType": "SEQUENCE_REPORT"
    }
  ]
},{
  "accession": "GCA_011741995.1",
  "files": [
    {
      "filePath": "GCA_011741995.1/GCA_011741995.1_ASM1174199v1_genomic.fna",
      "fileType": "GENOMIC_NUCLEOTIDE_FASTA"
    },
    {
      "filePath": "GCA_011741995.1/sequence_report.jsonl",
      "fileType": "SEQUENCE_REPORT"
    }
  ]
},{
  "accession": "GCA_011742005.2",
  "files": [
    {
      "filePath": "GCA_011742005.2/GCA_011742005.2_ASM1174200v2_genomic.fna",
      "fileType": "GENOMIC_NUCLEOTIDE_FASTA"
    },
    {
      "filePath": "GCA_011742005.2/sequence_report.jsonl",
      "fileType": "SEQUENCE_REPORT"
    }
  ]
},{
  "accession": "GCA_011742015.1",
  "files": [
    {
      "filePath": "GCA_011742015.1/GCA_011742015.1_ASM1174201v1_genomic.fna",
      "fileType": "GENOMIC_NUCLEOTIDE_FASTA"
    },
    {
      "filePath": "GCA_011742015.1/sequence_report.jsonl",
      "fileType": "SEQUENCE_REPORT"
    }
  ]
},{
  "accession": "GCA_011742025.1",
  "files": [
    {
      "filePath": "GCA_011742025.1/GCA_011742025.1_ASM1174202v1_genomic.fna",
      "fileType": "GENOMIC_NUCLEOTIDE_FASTA"
    },
    {
      "filePath": "GCA_011742025.1/sequence_report.jsonl",
      "fileType": "SEQUENCE_REPORT"
    }
  ]
},{
  "accession": "GCA_011742035.1",
  "files": [
    {
      "filePath": "GCA_011742035.1/GCA_011742035.1_ASM1174203v1_genomic.fna",
      "fileType": "GENOMIC_NUCLEOTIDE_FASTA"
    },
    {
      "filePath": "GCA_011742035.1/sequence_report.jsonl",
      "fileType": "SEQUENCE_REPORT"
    }
  ]
},{
  "accession": "GCA_012271565.1",
  "files": [
    {
      "filePath": "GCA_012271565.1/GCA_012271565.1_ASM1227156v1_genomic.fna",
      "fileType": "GENOMIC_NUCLEOTIDE_FASTA"
    },
    {
      "filePath": "GCA_012271565.1/sequence_report.jsonl",
      "fileType": "SEQUENCE_REPORT"
    }
  ]
},{
  "accession": "GCA_012271575.1",
  "files": [
    {
      "filePath": "GCA_012271575.1/GCA_012271575.1_ASM1227157v1_genomic.fna",
      "fileType": "GENOMIC_NUCLEOTIDE_FASTA"
    },
    {
      "filePath": "GCA_012271575.1/sequence_report.jsonl",
      "fileType": "SEQUENCE_REPORT"
    }
  ]
},{
  "accession": "GCA_012271615.1",
  "files": [
    {
      "filePath": "GCA_012271615.1/GCA_012271615.1_ASM1227161v1_genomic.fna",
      "fileType": "GENOMIC_NUCLEOTIDE_FASTA"
    },
    {
      "filePath": "GCA_012271615.1/sequence_report.jsonl",
      "fileType": "SEQUENCE_REPORT"
    }
  ]
},{
  "accession": "GCA_012271725.1",
  "files": [
    {
      "filePath": "GCA_012271725.1/GCA_012271725.1_ASM1227172v1_genomic.fna",
      "fileType": "GENOMIC_NUCLEOTIDE_FASTA"
    },
    {
      "filePath": "GCA_012271725.1/sequence_report.jsonl",
      "fileType": "SEQUENCE_REPORT"
    }
  ]
},{
  "accession": "GCA_012271735.1",
  "files": [
    {
      "filePath": "GCA_012271735.1/GCA_012271735.1_ASM1227173v1_genomic.fna",
      "fileType": "GENOMIC_NUCLEOTIDE_FASTA"
    },
    {
      "filePath": "GCA_012271735.1/sequence_report.jsonl",
      "fileType": "SEQUENCE_REPORT"
    }
  ]
},{
  "accession": "GCA_012271745.1",
  "files": [
    {
      "filePath": "GCA_012271745.1/GCA_012271745.1_ASM1227174v1_genomic.fna",
      "fileType": "GENOMIC_NUCLEOTIDE_FASTA"
    },
    {
      "filePath": "GCA_012271745.1/sequence_report.jsonl",
      "fileType": "SEQUENCE_REPORT"
    }
  ]
},{
  "accession": "GCA_013088585.1",
  "files": [
    {
      "filePath": "GCA_013088585.1/GCA_013088585.1_ASM1308858v1_genomic.fna",
      "fileType": "GENOMIC_NUCLEOTIDE_FASTA"
    },
    {
      "filePath": "GCA_013088585.1/sequence_report.jsonl",
      "fileType": "SEQUENCE_REPORT"
    }
  ]
},{
  "accession": "GCA_023122875.1",
  "files": [
    {
      "filePath": "GCA_023122875.1/GCA_023122875.1_ASM2312287v1_genomic.fna",
      "fileType": "GENOMIC_NUCLEOTIDE_FASTA"
    },
    {
      "filePath": "GCA_023122875.1/sequence_report.jsonl",
      "fileType": "SEQUENCE_REPORT"
    }
  ]
},{
  "accession": "GCA_023124385.1",
  "files": [
    {
      "filePath": "GCA_023124385.1/GCA_023124385.1_ASM2312438v1_genomic.fna",
      "fileType": "GENOMIC_NUCLEOTIDE_FASTA"
    },
    {
      "filePath": "GCA_023124385.1/sequence_report.jsonl",
      "fileType": "SEQUENCE_REPORT"
    }
  ]
},{
  "accession": "GCA_023124395.1",
  "files": [
    {
      "filePath": "GCA_023124395.1/GCA_023124395.1_ASM2312439v1_genomic.fna",
      "fileType": "GENOMIC_NUCLEOTIDE_FASTA"
    },
    {
      "filePath": "GCA_023124395.1/sequence_report.jsonl",
      "fileType": "SEQUENCE_REPORT"
    }
  ]
},{
  "accession": "GCA_023124405.1",
  "files": [
    {
      "filePath": "GCA_023124405.1/GCA_023124405.1_ASM2312440v1_genomic.fna",
      "fileType": "GENOMIC_NUCLEOTIDE_FASTA"
    },
    {
      "filePath": "GCA_023124405.1/sequence_report.jsonl",
      "fileType": "SEQUENCE_REPORT"
    }
  ]
},{
  "accession": "GCA_023124525.1",
  "files": [
    {
      "filePath": "GCA_023124525.1/GCA_023124525.1_ASM2312452v1_genomic.fna",
      "fileType": "GENOMIC_NUCLEOTIDE_FASTA"
    },
    {
      "filePath": "GCA_023124525.1/sequence_report.jsonl",
      "fileType": "SEQUENCE_REPORT"
    }
  ]
},{
  "accession": "GCA_023141795.1",
  "files": [
    {
      "filePath": "GCA_023141795.1/GCA_023141795.1_ASM2314179v1_genomic.fna",
      "fileType": "GENOMIC_NUCLEOTIDE_FASTA"
    },
    {
      "filePath": "GCA_023141795.1/sequence_report.jsonl",
      "fileType": "SEQUENCE_REPORT"
    }
  ]
},{
  "accession": "GCA_023148835.1",
  "files": [
    {
      "filePath": "GCA_023148835.1/GCA_023148835.1_ASM2314883v1_genomic.fna",
      "fileType": "GENOMIC_NUCLEOTIDE_FASTA"
    },
    {
      "filePath": "GCA_023148835.1/sequence_report.jsonl",
      "fileType": "SEQUENCE_REPORT"
    }
  ]
},{
  "accession": "GCA_900188515.1",
  "files": [
    {
      "filePath": "GCA_900188515.1/GCA_900188515.1_PEDV_GER_L00901-V215_1978_genomic.fna",
      "fileType": "GENOMIC_NUCLEOTIDE_FASTA"
    },
    {
      "filePath": "GCA_900188515.1/sequence_report.jsonl",
      "fileType": "SEQUENCE_REPORT"
    }
  ]
},{
  "accession": "GCA_900197095.1",
  "files": [
    {
      "filePath": "GCA_900197095.1/GCA_900197095.1_PEDV_GER_L00928-K20_14-03_2014_genomic.fna",
      "fileType": "GENOMIC_NUCLEOTIDE_FASTA"
    },
    {
      "filePath": "GCA_900197095.1/sequence_report.jsonl",
      "fileType": "SEQUENCE_REPORT"
    }
  ]
},{
  "accession": "GCA_900197105.1",
  "files": [
    {
      "filePath": "GCA_900197105.1/GCA_900197105.1_PEDV_GER_L00927-K20_14-02_2014_genomic.fna",
      "fileType": "GENOMIC_NUCLEOTIDE_FASTA"
    },
    {
      "filePath": "GCA_900197105.1/sequence_report.jsonl",
      "fileType": "SEQUENCE_REPORT"
    }
  ]
},{
  "accession": "GCA_900197115.1",
  "files": [
    {
      "filePath": "GCA_900197115.1/GCA_900197115.1_PEDV_GER_L00857-K14_14-04_2014_genomic.fna",
      "fileType": "GENOMIC_NUCLEOTIDE_FASTA"
    },
    {
      "filePath": "GCA_900197115.1/sequence_report.jsonl",
      "fileType": "SEQUENCE_REPORT"
    }
  ]
},{
  "accession": "GCA_900197125.1",
  "files": [
    {
      "filePath": "GCA_900197125.1/GCA_900197125.1_PEDV_GER_L00932-K22_14-04_2014_genomic.fna",
      "fileType": "GENOMIC_NUCLEOTIDE_FASTA"
    },
    {
      "filePath": "GCA_900197125.1/sequence_report.jsonl",
      "fileType": "SEQUENCE_REPORT"
    }
  ]
},{
  "accession": "GCA_900197135.1",
  "files": [
    {
      "filePath": "GCA_900197135.1/GCA_900197135.1_PEDV_GER_L00931-K22_14-03_2014_genomic.fna",
      "fileType": "GENOMIC_NUCLEOTIDE_FASTA"
    },
    {
      "filePath": "GCA_900197135.1/sequence_report.jsonl",
      "fileType": "SEQUENCE_REPORT"
    }
  ]
},{
  "accession": "GCA_900197145.1",
  "files": [
    {
      "filePath": "GCA_900197145.1/GCA_900197145.1_PEDV_GER_L01014-K01_15-04_2015_genomic.fna",
      "fileType": "GENOMIC_NUCLEOTIDE_FASTA"
    },
    {
      "filePath": "GCA_900197145.1/sequence_report.jsonl",
      "fileType": "SEQUENCE_REPORT"
    }
  ]
},{
  "accession": "GCA_900197155.1",
  "files": [
    {
      "filePath": "GCA_900197155.1/GCA_900197155.1_PEDV_GER_L00999-K06_15-07_2015_genomic.fna",
      "fileType": "GENOMIC_NUCLEOTIDE_FASTA"
    },
    {
      "filePath": "GCA_900197155.1/sequence_report.jsonl",
      "fileType": "SEQUENCE_REPORT"
    }
  ]
},{
  "accession": "GCA_900197165.1",
  "files": [
    {
      "filePath": "GCA_900197165.1/GCA_900197165.1_PEDV_GER_L00907-_K16_14-02_2014_genomic.fna",
      "fileType": "GENOMIC_NUCLEOTIDE_FASTA"
    },
    {
      "filePath": "GCA_900197165.1/sequence_report.jsonl",
      "fileType": "SEQUENCE_REPORT"
    }
  ]
},{
  "accession": "GCA_900197185.1",
  "files": [
    {
      "filePath": "GCA_900197185.1/GCA_900197185.1_PEDV_AUSTRIA_L01064-M10_15-03_2015_genomic.fna",
      "fileType": "GENOMIC_NUCLEOTIDE_FASTA"
    },
    {
      "filePath": "GCA_900197185.1/sequence_report.jsonl",
      "fileType": "SEQUENCE_REPORT"
    }
  ]
},{
  "accession": "GCA_900197205.1",
  "files": [
    {
      "filePath": "GCA_900197205.1/GCA_900197205.1_PEDV_GER_L00906-K16_14-01_2014_genomic.fna",
      "fileType": "GENOMIC_NUCLEOTIDE_FASTA"
    },
    {
      "filePath": "GCA_900197205.1/sequence_report.jsonl",
      "fileType": "SEQUENCE_REPORT"
    }
  ]
},{
  "accession": "GCA_900197225.1",
  "files": [
    {
      "filePath": "GCA_900197225.1/GCA_900197225.1_PEDV_GER_L00933-K22_14-05_2014_genomic.fna",
      "fileType": "GENOMIC_NUCLEOTIDE_FASTA"
    },
    {
      "filePath": "GCA_900197225.1/sequence_report.jsonl",
      "fileType": "SEQUENCE_REPORT"
    }
  ]
},{
  "accession": "GCA_900197235.1",
  "files": [
    {
      "filePath": "GCA_900197235.1/GCA_900197235.1_PEDV_GER_L01018-K01_15-08_2015_genomic.fna",
      "fileType": "GENOMIC_NUCLEOTIDE_FASTA"
    },
    {
      "filePath": "GCA_900197235.1/sequence_report.jsonl",
      "fileType": "SEQUENCE_REPORT"
    }
  ]
},{
  "accession": "GCA_900197245.1",
  "files": [
    {
      "filePath": "GCA_900197245.1/GCA_900197245.1_PEDV_GER_L01020-K01_15-10_2015_genomic.fna",
      "fileType": "GENOMIC_NUCLEOTIDE_FASTA"
    },
    {
      "filePath": "GCA_900197245.1/sequence_report.jsonl",
      "fileType": "SEQUENCE_REPORT"
    }
  ]
},{
  "accession": "GCA_900197275.1",
  "files": [
    {
      "filePath": "GCA_900197275.1/GCA_900197275.1_PEDV_ROMANIA_L01329-K25_15-01_2015_genomic.fna",
      "fileType": "GENOMIC_NUCLEOTIDE_FASTA"
    },
    {
      "filePath": "GCA_900197275.1/sequence_report.jsonl",
      "fileType": "SEQUENCE_REPORT"
    }
  ]
},{
  "accession": "GCA_900197285.1",
  "files": [
    {
      "filePath": "GCA_900197285.1/GCA_900197285.1_PEDV_GER_L00918-K17_14-01_2014_genomic.fna",
      "fileType": "GENOMIC_NUCLEOTIDE_FASTA"
    },
    {
      "filePath": "GCA_900197285.1/sequence_report.jsonl",
      "fileType": "SEQUENCE_REPORT"
    }
  ]
},{
  "accession": "GCA_900197295.1",
  "files": [
    {
      "filePath": "GCA_900197295.1/GCA_900197295.1_PEDV_GER_L01420-K06_15-04_2015_genomic.fna",
      "fileType": "GENOMIC_NUCLEOTIDE_FASTA"
    },
    {
      "filePath": "GCA_900197295.1/sequence_report.jsonl",
      "fileType": "SEQUENCE_REPORT"
    }
  ]
},{
  "accession": "GCA_900197305.1",
  "files": [
    {
      "filePath": "GCA_900197305.1/GCA_900197305.1_PEDV_GER_L00908-K16_14-03_2014_genomic.fna",
      "fileType": "GENOMIC_NUCLEOTIDE_FASTA"
    },
    {
      "filePath": "GCA_900197305.1/sequence_report.jsonl",
      "fileType": "SEQUENCE_REPORT"
    }
  ]
},{
  "accession": "GCA_900197315.1",
  "files": [
    {
      "filePath": "GCA_900197315.1/GCA_900197315.1_PEDV_GER_L01012_K01_15-02_2015_genomic.fna",
      "fileType": "GENOMIC_NUCLEOTIDE_FASTA"
    },
    {
      "filePath": "GCA_900197315.1/sequence_report.jsonl",
      "fileType": "SEQUENCE_REPORT"
    }
  ]
},{
  "accession": "GCA_900197325.1",
  "files": [
    {
      "filePath": "GCA_900197325.1/GCA_900197325.1_PEDV_GER_L01019-K01_15-09_2015_genomic.fna",
      "fileType": "GENOMIC_NUCLEOTIDE_FASTA"
    },
    {
      "filePath": "GCA_900197325.1/sequence_report.jsonl",
      "fileType": "SEQUENCE_REPORT"
    }
  ]
},{
  "accession": "GCA_900197335.1",
  "files": [
    {
      "filePath": "GCA_900197335.1/GCA_900197335.1_PEDV_GER_L00799-_K11_14-01_2014_genomic.fna",
      "fileType": "GENOMIC_NUCLEOTIDE_FASTA"
    },
    {
      "filePath": "GCA_900197335.1/sequence_report.jsonl",
      "fileType": "SEQUENCE_REPORT"
    }
  ]
},{
  "accession": "GCA_900197345.1",
  "files": [
    {
      "filePath": "GCA_900197345.1/GCA_900197345.1_PEDV_GER_L00926-K20_4-01_2014_genomic.fna",
      "fileType": "GENOMIC_NUCLEOTIDE_FASTA"
    },
    {
      "filePath": "GCA_900197345.1/sequence_report.jsonl",
      "fileType": "SEQUENCE_REPORT"
    }
  ]
},{
  "accession": "GCA_900197355.1",
  "files": [
    {
      "filePath": "GCA_900197355.1/GCA_900197355.1_PEDV_GER_L00855-K14_14-02_2014_genomic.fna",
      "fileType": "GENOMIC_NUCLEOTIDE_FASTA"
    },
    {
      "filePath": "GCA_900197355.1/sequence_report.jsonl",
      "fileType": "SEQUENCE_REPORT"
    }
  ]
},{
  "accession": "GCA_900197365.1",
  "files": [
    {
      "filePath": "GCA_900197365.1/GCA_900197365.1_PEDV_GER_L00919-_K17_14-02_2014_genomic.fna",
      "fileType": "GENOMIC_NUCLEOTIDE_FASTA"
    },
    {
      "filePath": "GCA_900197365.1/sequence_report.jsonl",
      "fileType": "SEQUENCE_REPORT"
    }
  ]
},{
  "accession": "GCA_900197375.1",
  "files": [
    {
      "filePath": "GCA_900197375.1/GCA_900197375.1_PEDV_AUSTRIA_L01062-M10_15-01_2015_genomic.fna",
      "fileType": "GENOMIC_NUCLEOTIDE_FASTA"
    },
    {
      "filePath": "GCA_900197375.1/sequence_report.jsonl",
      "fileType": "SEQUENCE_REPORT"
    }
  ]
},{
  "accession": "GCA_900197385.1",
  "files": [
    {
      "filePath": "GCA_900197385.1/GCA_900197385.1_PEDV_GER_L01017-K01_15-07_2015_genomic.fna",
      "fileType": "GENOMIC_NUCLEOTIDE_FASTA"
    },
    {
      "filePath": "GCA_900197385.1/sequence_report.jsonl",
      "fileType": "SEQUENCE_REPORT"
    }
  ]
},{
  "accession": "GCA_900197395.1",
  "files": [
    {
      "filePath": "GCA_900197395.1/GCA_900197395.1_PEDV_ROMANIA_L01330-K25_15-02_2015_genomic.fna",
      "fileType": "GENOMIC_NUCLEOTIDE_FASTA"
    },
    {
      "filePath": "GCA_900197395.1/sequence_report.jsonl",
      "fileType": "SEQUENCE_REPORT"
    }
  ]
},{
  "accession": "GCA_900197405.1",
  "files": [
    {
      "filePath": "GCA_900197405.1/GCA_900197405.1_PEDV_GER_L00798-_K11_14-02_2014_genomic.fna",
      "fileType": "GENOMIC_NUCLEOTIDE_FASTA"
    },
    {
      "filePath": "GCA_900197405.1/sequence_report.jsonl",
      "fileType": "SEQUENCE_REPORT"
    }
  ]
},{
  "accession": "GCA_900197415.1",
  "files": [
    {
      "filePath": "GCA_900197415.1/GCA_900197415.1_PEDV_GER_L01059-K07_15-01_2015_genomic.fna",
      "fileType": "GENOMIC_NUCLEOTIDE_FASTA"
    },
    {
      "filePath": "GCA_900197415.1/sequence_report.jsonl",
      "fileType": "SEQUENCE_REPORT"
    }
  ]
},{
  "accession": "GCA_900197425.1",
  "files": [
    {
      "filePath": "GCA_900197425.1/GCA_900197425.1_PEDV_GER_L01060-K07_15-02_2015_genomic.fna",
      "fileType": "GENOMIC_NUCLEOTIDE_FASTA"
    },
    {
      "filePath": "GCA_900197425.1/sequence_report.jsonl",
      "fileType": "SEQUENCE_REPORT"
    }
  ]
},{
  "accession": "GCA_900197455.1",
  "files": [
    {
      "filePath": "GCA_900197455.1/GCA_900197455.1_PEDV_GER_L01061-K07_15-03_2015_genomic.fna",
      "fileType": "GENOMIC_NUCLEOTIDE_FASTA"
    },
    {
      "filePath": "GCA_900197455.1/sequence_report.jsonl",
      "fileType": "SEQUENCE_REPORT"
    }
  ]
},{
  "accession": "GCA_900197475.1",
  "files": [
    {
      "filePath": "GCA_900197475.1/GCA_900197475.1_PEDV_GER_L00998-K06_15-03_2015_genomic.fna",
      "fileType": "GENOMIC_NUCLEOTIDE_FASTA"
    },
    {
      "filePath": "GCA_900197475.1/sequence_report.jsonl",
      "fileType": "SEQUENCE_REPORT"
    }
  ]
},{
  "accession": "GCA_900197485.1",
  "files": [
    {
      "filePath": "GCA_900197485.1/GCA_900197485.1_PEDV_GER_L01011-K01_15-01_2015_genomic.fna",
      "fileType": "GENOMIC_NUCLEOTIDE_FASTA"
    },
    {
      "filePath": "GCA_900197485.1/sequence_report.jsonl",
      "fileType": "SEQUENCE_REPORT"
    }
  ]
},{
  "accession": "GCA_900197515.1",
  "files": [
    {
      "filePath": "GCA_900197515.1/GCA_900197515.1_PEDV_GER_L01013-K01_15-03_2015_genomic.fna",
      "fileType": "GENOMIC_NUCLEOTIDE_FASTA"
    },
    {
      "filePath": "GCA_900197515.1/sequence_report.jsonl",
      "fileType": "SEQUENCE_REPORT"
    }
  ]
},{
  "accession": "GCA_900197535.1",
  "files": [
    {
      "filePath": "GCA_900197535.1/GCA_900197535.1_PEDV_AUSTRIA_L01065-M10_15-04_2015_genomic.fna",
      "fileType": "GENOMIC_NUCLEOTIDE_FASTA"
    },
    {
      "filePath": "GCA_900197535.1/sequence_report.jsonl",
      "fileType": "SEQUENCE_REPORT"
    }
  ]
},{
  "accession": "GCA_900197545.1",
  "files": [
    {
      "filePath": "GCA_900197545.1/GCA_900197545.1_PEDV_GER_L01015-K01_15-05_2015_genomic.fna",
      "fileType": "GENOMIC_NUCLEOTIDE_FASTA"
    },
    {
      "filePath": "GCA_900197545.1/sequence_report.jsonl",
      "fileType": "SEQUENCE_REPORT"
    }
  ]
},{
  "accession": "GCA_900197555.1",
  "files": [
    {
      "filePath": "GCA_900197555.1/GCA_900197555.1_PEDV_AUSTRIA_L01063-M10_15-02_2015_genomic.fna",
      "fileType": "GENOMIC_NUCLEOTIDE_FASTA"
    },
    {
      "filePath": "GCA_900197555.1/sequence_report.jsonl",
      "fileType": "SEQUENCE_REPORT"
    }
  ]
},{
  "accession": "GCA_900197565.1",
  "files": [
    {
      "filePath": "GCA_900197565.1/GCA_900197565.1_PEDV_GER_L00862_2014_genomic.fna",
      "fileType": "GENOMIC_NUCLEOTIDE_FASTA"
    },
    {
      "filePath": "GCA_900197565.1/sequence_report.jsonl",
      "fileType": "SEQUENCE_REPORT"
    }
  ]
},{
  "accession": "GCA_900205315.1",
  "files": [
    {
      "filePath": "GCA_900205315.1/GCA_900205315.1_Br1_87_DTU_genomic.fna",
      "fileType": "GENOMIC_NUCLEOTIDE_FASTA"
    },
    {
      "filePath": "GCA_900205315.1/sequence_report.jsonl",
      "fileType": "SEQUENCE_REPORT"
    }
  ]
},{
  "accession": "GCA_900205325.1",
  "files": [
    {
      "filePath": "GCA_900205325.1/GCA_900205325.1_CV777_WBR_genomic.fna",
      "fileType": "GENOMIC_NUCLEOTIDE_FASTA"
    },
    {
      "filePath": "GCA_900205325.1/sequence_report.jsonl",
      "fileType": "SEQUENCE_REPORT"
    }
  ]
},{
  "accession": "GCA_900205335.1",
  "files": [
    {
      "filePath": "GCA_900205335.1/GCA_900205335.1_CV777_ANSES_genomic.fna",
      "fileType": "GENOMIC_NUCLEOTIDE_FASTA"
    },
    {
      "filePath": "GCA_900205335.1/sequence_report.jsonl",
      "fileType": "SEQUENCE_REPORT"
    }
  ]
},{
  "accession": "GCA_900205345.1",
  "files": [
    {
      "filePath": "GCA_900205345.1/GCA_900205345.1_CV777_APHA_genomic.fna",
      "fileType": "GENOMIC_NUCLEOTIDE_FASTA"
    },
    {
      "filePath": "GCA_900205345.1/sequence_report.jsonl",
      "fileType": "SEQUENCE_REPORT"
    }
  ]
},{
  "accession": "GCA_900205355.1",
  "files": [
    {
      "filePath": "GCA_900205355.1/GCA_900205355.1_CV777_IZSLER_genomic.fna",
      "fileType": "GENOMIC_NUCLEOTIDE_FASTA"
    },
    {
      "filePath": "GCA_900205355.1/sequence_report.jsonl",
      "fileType": "SEQUENCE_REPORT"
    }
  ]
},{
  "accession": "GCA_011536935.1",
  "files": [
    {
      "filePath": "GCA_011536935.1/sequence_report.jsonl",
      "fileType": "SEQUENCE_REPORT"
    }
  ]
},{
  "accession": "GCA_000868165.1",
  "files": [
    {
      "filePath": "GCA_000868165.1/GCA_000868165.1_ViralProj17048_genomic.fna",
      "fileType": "GENOMIC_NUCLEOTIDE_FASTA"
    },
    {
      "filePath": "GCA_000868165.1/sequence_report.jsonl",
      "fileType": "SEQUENCE_REPORT"
    }
  ]
},{
  "accession": "GCA_000870505.1",
  "files": [
    {
      "filePath": "GCA_000870505.1/GCA_000870505.1_ViralProj18863_genomic.fna",
      "fileType": "GENOMIC_NUCLEOTIDE_FASTA"
    },
    {
      "filePath": "GCA_000870505.1/sequence_report.jsonl",
      "fileType": "SEQUENCE_REPORT"
    }
  ]
},{
  "accession": "GCA_000880055.1",
  "files": [
    {
      "filePath": "GCA_000880055.1/GCA_000880055.1_ViralProj30039_genomic.fna",
      "fileType": "GENOMIC_NUCLEOTIDE_FASTA"
    },
    {
      "filePath": "GCA_000880055.1/sequence_report.jsonl",
      "fileType": "SEQUENCE_REPORT"
    }
  ]
},{
  "accession": "GCA_000883335.1",
  "files": [
    {
      "filePath": "GCA_000883335.1/GCA_000883335.1_ViralProj32701_genomic.fna",
      "fileType": "GENOMIC_NUCLEOTIDE_FASTA"
    },
    {
      "filePath": "GCA_000883335.1/sequence_report.jsonl",
      "fileType": "SEQUENCE_REPORT"
    }
  ]
},{
  "accession": "GCA_000895415.1",
  "files": [
    {
      "filePath": "GCA_000895415.1/GCA_000895415.1_ViralProj109279_genomic.fna",
      "fileType": "GENOMIC_NUCLEOTIDE_FASTA"
    },
    {
      "filePath": "GCA_000895415.1/sequence_report.jsonl",
      "fileType": "SEQUENCE_REPORT"
    }
  ]
},{
  "accession": "GCA_000896875.1",
  "files": [
    {
      "filePath": "GCA_000896875.1/GCA_000896875.1_ViralProj109273_genomic.fna",
      "fileType": "GENOMIC_NUCLEOTIDE_FASTA"
    },
    {
      "filePath": "GCA_000896875.1/sequence_report.jsonl",
      "fileType": "SEQUENCE_REPORT"
    }
  ]
},{
  "accession": "GCA_001501415.1",
  "files": [
    {
      "filePath": "GCA_001501415.1/GCA_001501415.1_ViralProj307783_genomic.fna",
      "fileType": "GENOMIC_NUCLEOTIDE_FASTA"
    },
    {
      "filePath": "GCA_001501415.1/sequence_report.jsonl",
      "fileType": "SEQUENCE_REPORT"
    }
  ]
},{
  "accession": "GCA_002219865.1",
  "files": [
    {
      "filePath": "GCA_002219865.1/GCA_002219865.1_ViralProj394320_genomic.fna",
      "fileType": "GENOMIC_NUCLEOTIDE_FASTA"
    },
    {
      "filePath": "GCA_002219865.1/sequence_report.jsonl",
      "fileType": "SEQUENCE_REPORT"
    }
  ]
},{
  "accession": "GCA_002889935.1",
  "files": [
    {
      "filePath": "GCA_002889935.1/GCA_002889935.1_ASM288993v1_genomic.fna",
      "fileType": "GENOMIC_NUCLEOTIDE_FASTA"
    },
    {
      "filePath": "GCA_002889935.1/sequence_report.jsonl",
      "fileType": "SEQUENCE_REPORT"
    }
  ]
},{
  "accession": "GCA_002985995.1",
  "files": [
    {
      "filePath": "GCA_002985995.1/GCA_002985995.1_ASM298599v1_genomic.fna",
      "fileType": "GENOMIC_NUCLEOTIDE_FASTA"
    },
    {
      "filePath": "GCA_002985995.1/sequence_report.jsonl",
      "fileType": "SEQUENCE_REPORT"
    }
  ]
},{
  "accession": "GCA_012271625.1",
  "files": [
    {
      "filePath": "GCA_012271625.1/GCA_012271625.1_ASM1227162v1_genomic.fna",
      "fileType": "GENOMIC_NUCLEOTIDE_FASTA"
    },
    {
      "filePath": "GCA_012271625.1/sequence_report.jsonl",
      "fileType": "SEQUENCE_REPORT"
    }
  ]
},{
  "accession": "GCA_012271635.1",
  "files": [
    {
      "filePath": "GCA_012271635.1/GCA_012271635.1_ASM1227163v1_genomic.fna",
      "fileType": "GENOMIC_NUCLEOTIDE_FASTA"
    },
    {
      "filePath": "GCA_012271635.1/sequence_report.jsonl",
      "fileType": "SEQUENCE_REPORT"
    }
  ]
},{
  "accession": "GCA_013088595.1",
  "files": [
    {
      "filePath": "GCA_013088595.1/GCA_013088595.1_ASM1308859v1_genomic.fna",
      "fileType": "GENOMIC_NUCLEOTIDE_FASTA"
    },
    {
      "filePath": "GCA_013088595.1/sequence_report.jsonl",
      "fileType": "SEQUENCE_REPORT"
    }
  ]
},{
  "accession": "GCA_023124615.1",
  "files": [
    {
      "filePath": "GCA_023124615.1/GCA_023124615.1_ASM2312461v1_genomic.fna",
      "fileType": "GENOMIC_NUCLEOTIDE_FASTA"
    },
    {
      "filePath": "GCA_023124615.1/sequence_report.jsonl",
      "fileType": "SEQUENCE_REPORT"
    }
  ]
},{
  "accession": "GCA_900078225.1",
  "files": [
    {
      "filePath": "GCA_900078225.1/GCA_900078225.1_SeCoV_GER_L00930_2012_genomic.fna",
      "fileType": "GENOMIC_NUCLEOTIDE_FASTA"
    },
    {
      "filePath": "GCA_900078225.1/sequence_report.jsonl",
      "fileType": "SEQUENCE_REPORT"
    }
  ]
}]}
