Organism Scientific Name	Organism Common Name	Organism Qualifier	Taxonomy id	Assembly Name	Assembly Accession	Source	Annotation	Level	Contig N50	Size	Submission Date	Gene Count	BioProject	BioSample
Porcine epidemic diarrhea virus		strain: CV777	28295	ViralProj14739	GCA_000848685.1	GenBank		Complete Genome	28033	28033	2001-04-23			
Human coronavirus 229E		strain: 229E	11137	ViralProj14913	GCA_000853505.1	GenBank	INSDC Submitter	Complete Genome	27317	27317	2001-01-11	6		
Human coronavirus NL63		strain: Amsterdam I	277944	ViralProj14960	GCA_000853865.1	GenBank		Complete Genome	27553	27553	2004-03-17			
Feline infectious peritonitis virus		isolate: 79-1146	11135	ViralProj15097	GCA_000856025.1	GenBank	INSDC Submitter	Complete Genome	29355	29355	2005-04-26	10		
Human coronavirus HKU1		isolate: HKU1	290028	ViralProj15139	GCA_000858765.1	GenBank	INSDC Submitter	Complete Genome	29926	29926	2004-12-21	8		
Murine hepatitis virus		strain: MHV-A59	11138	ViralProj15350	GCA_000862345.1	GenBank		Complete Genome	31357	31357	1997-11-22			
Bovine coronavirus		isolate: BCoV-ENT	11128	ViralProj15385	GCA_000862505.1	GenBank	INSDC Submitter	Complete Genome	31028	31028	2001-08-02	6		
Infectious bronchitis virus		strain: Beaudette	11120	ViralProj15303	GCA_000862965.1	GenBank		Complete Genome	27608	27608	1993-06-12			
SARS coronavirus Tor2		isolate: Tor2	227984	ViralProj15500	GCA_000864885.1	GenBank		Complete Genome	29751	29751	2003-04-14			
Rousettus bat coronavirus HKU9		strain: BF_005I	694006	ViralProj18867	GCA_000868045.1	GenBank	INSDC Submitter	Complete Genome	29114	29114	2007-02-07	8		
Sparrow coronavirus HKU17		strain: HKU17-6124	1159906	ViralProj17048	GCA_000868165.1	GenBank	INSDC Submitter	Complete Genome	26083	26083	2012-03-19	8		
Tylonycteris bat coronavirus HKU4		strain: B04f	694007	ViralProj18863	GCA_000870505.1	GenBank	INSDC Submitter	Complete Genome	30286	30286	2007-02-07	9		
Scotophilus bat coronavirus 512		strain: BtCoV/512/2005	693999	ViralProj20135	GCA_000870985.1	GenBank		Complete Genome	28203	28203	2006-07-19			
Beluga whale coronavirus SW1		isolate: SW1	694015	ViralProj29509	GCA_000872845.1	GenBank		Complete Genome	31686	31686	2008-04-08			
Pipistrellus bat coronavirus HKU5		strain: LMH03f	694008	ViralProj18865	GCA_000873025.1	GenBank	INSDC Submitter	Complete Genome	30482	30482	2007-02-07	9		
Rhinolophus bat coronavirus HKU2		strain: HKU2/GD/430/2006	693998	ViralProj27911	GCA_000875645.1	GenBank	INSDC Submitter	Complete Genome	27165	27165	2007-10-09	6		
Miniopterus bat coronavirus 1		strain: AFCD62	694000	ViralProj29247	GCA_000879255.1	GenBank	INSDC Submitter	Complete Genome	28326	28326	2008-03-09	7		
Miniopterus bat coronavirus HKU8		strain: AFCD77	694001	ViralProj29245	GCA_000879875.1	GenBank	INSDC Submitter	Complete Genome	28773	28773	2008-03-09	8		
Turkey coronavirus		isolate: MG10	11152	ViralProj30039	GCA_000880055.1	GenBank	INSDC Submitter	Complete Genome	27657	27657	2008-05-29	11		
Munia coronavirus HKU13-3514			572289	ViralProj32703	GCA_000880835.1	GenBank	INSDC Submitter	Complete Genome	26552	26552	2008-11-07	9		
Thrush coronavirus HKU12-600			572290	ViralProj32701	GCA_000883335.1	GenBank	INSDC Submitter	Complete Genome	26396	26396	2008-11-07	9		
Rat coronavirus Parker		strain: Parker	502102	ViralProj39313	GCA_000886515.1	GenBank		Complete Genome	31250	31250	2009-07-11			
Bat coronavirus BM48-31/BGR/2008		strain: BtCoV/BM48-31/BGR/2008	864596	ViralProj51751	GCA_000887595.1	GenBank	INSDC Submitter	Complete Genome	29276	29276	2010-08-25	9		
Magpie-robin coronavirus HKU18		strain: HKU18-chu3	1159903	ViralProj109275	GCA_000894435.1	GenBank	INSDC Submitter	Complete Genome	26689	26689	2012-03-19	9		
Porcine coronavirus HKU15		strain: HKU15-44	1159905	ViralProj109271	GCA_000895395.2	GenBank	INSDC Submitter	Complete Genome	25430	25430	2012-03-19	7		
Wigeon coronavirus HKU20		strain: HKU20-9243	1159908	ViralProj109279	GCA_000895415.1	GenBank	INSDC Submitter	Complete Genome	26227	26227	2012-03-19	10		
Night heron coronavirus HKU19		strain: HKU19-6918	1159904	ViralProj109277	GCA_000896035.1	GenBank	INSDC Submitter	Complete Genome	26077	26077	2012-03-19	8		
White-eye coronavirus HKU16		strain: HKU16-6847	1159907	ViralProj109273	GCA_000896875.1	GenBank	INSDC Submitter	Complete Genome	26041	26041	2012-03-19	8		
Common moorhen coronavirus HKU21		strain: HKU21-8295	1159902	ViralProj109281	GCA_000896895.1	GenBank	INSDC Submitter	Complete Genome	26223	26223	2012-03-19	9		
Rabbit coronavirus HKU14		strain: HKU14-1	1160968	ViralProj157249	GCA_000896935.1	GenBank	INSDC Submitter	Complete Genome	31100	31100	2012-03-26	10		
Rousettus bat coronavirus HKU10		isolate: 183A	1241933	ViralProj177902	GCA_000899495.1	GenBank		Complete Genome	28494	28494	2012-10-17			
Human betacoronavirus 2c EMC/2012		strain: HCoV-EMC	1235996	ViralProj183710	GCA_000901155.1	GenBank	INSDC Submitter	Complete Genome	30119	30119	2012-09-27	10		
Betacoronavirus Erinaceus/VMC/DEU/2012		isolate: ErinaceusCoV/2012-216/GER/2012	1385427	ViralProj226084	GCA_000912235.1	GenBank		Complete Genome	30175	30175	2013-10-21			
Bat coronavirus CDPHE15/USA/2006		strain: bat/USA/CDPHE15/2006	1384461	ViralProj215863	GCA_000913415.1	GenBank	INSDC Submitter	Complete Genome	28035	28035	2013-08-17	7	PRJNA260063	
Mink coronavirus strain WD1127		strain: WD1127	766791	ViralProj241029	GCA_000919475.1	GenBank		Complete Genome	28941	28941	2010-06-21			
Bat Hp-betacoronavirus/Zhejiang2013		isolate: Zhejiang2013	1541205	ViralProj263036	GCA_000926915.1	GenBank		Complete Genome	31491	31491	2014-10-01			
Betacoronavirus HKU24		strain: HKU24-R05005I	1590370	ViralProj271776	GCA_000930095.1	GenBank		Complete Genome	31249	31249	2015-01-04			
Camel alphacoronavirus		isolate: camel/Riyadh/Ry141/2015	1699095	ViralProj306529	GCA_001500975.1	GenBank	INSDC Submitter	Complete Genome	27395	27395	2015-12-17	7		
Swine enteric coronavirus		strain: Italy/213306/2009	1766554	ViralProj307783	GCA_001501415.1	GenBank		Complete Genome	28111	28111	2015-12-13			
BtRf-AlphaCoV/YN2012		isolate: BtRf-YN2012	1503293	ViralProj307855	GCA_001501755.1	GenBank		Complete Genome	26975	26975	2015-12-31			
BtMr-AlphaCoV/SAX2011		isolate: BtMr-SAX2011	1503289	ViralProj307859	GCA_001503155.1	GenBank		Complete Genome	27935	27935	2015-12-31			
BtRf-AlphaCoV/HuB2013		isolate: BtRf-HuB2013	1503292	ViralProj307856	GCA_001504755.1	GenBank		Complete Genome	27608	27608	2015-12-31			
BtNv-AlphaCoV/SC2013		isolate: BtNv-SC2013	1503291	ViralProj307857	GCA_001505415.1	GenBank		Complete Genome	27783	27783	2015-12-31			
Ferret coronavirus		isolate: FRCoV-NL-2010	1264898	ViralProj325258	GCA_001661775.1	GenBank	INSDC Submitter	Complete Genome	28434	28434	2016-06-02	8		
Rousettus bat coronavirus		isolate: GCCDC1 356	1892416	ViralProj342647	GCA_001725835.1	GenBank	INSDC Submitter	Complete Genome	30161	30161	2016-09-03	10		
NL63-related bat coronavirus		strain: BtKYNL63-9a	1920748	ViralProj357487	GCA_001904885.1	GenBank	INSDC Submitter	Complete Genome	28363	28363	2016-12-06	7		
Lucheng Rn rat coronavirus		isolate: Lucheng-19	1508224	ViralProj361952	GCA_001962315.1	GenBank		Complete Genome	28763	28763	2014-10-30			
Bat coronavirus		isolate: PREDICT/PDF-2180	1508220	ViralProj385635	GCA_002118885.1	GenBank	INSDC Submitter	Complete Genome	29642	29642	2017-04-24	10	PRJNA292888	
Coronavirus AcCoV-JC34		isolate: AcCoV-JC34	1964806	ViralProj390412	GCA_002194405.1	GenBank		Complete Genome	27682	27682	2017-05-31			
Wencheng Sm shrew coronavirus		isolate: Xingguo-101	1508228	ViralProj394320	GCA_002219865.1	GenBank		Complete Genome	25995	25995	2017-07-06			
Betacoronavirus Erinaceus/VMC/DEU/2012		isolate: ErinaceusCoV/2012-174/GER/2012	1385427	ASM281617v1	GCA_002816175.1	GenBank	INSDC Submitter	Complete Genome	30148	30148	2013-10-21	12		
Betacoronavirus England 1		isolate: H123990006, strain: England 1	1263720	ASM281619v1	GCA_002816195.1	GenBank	INSDC Submitter	Complete Genome	30111	30111	2012-12-05	9		
Bulbul coronavirus HKU11-934			572288	ASM281621v1	GCA_002816215.1	GenBank	INSDC Submitter	Complete Genome	26487	26487	2008-11-07	9		
Porcine coronavirus HKU15		strain: HKU15-155	1159905	ASM281623v1	GCA_002816235.1	GenBank	INSDC Submitter	Complete Genome	25425	25425	2012-03-19	7		
unidentified human coronavirus		isolate: FT1407-6/2014, strain: NL63	694448	ASM288993v1	GCA_002889935.1	GenBank		Complete Genome	4068	4068	2017-12-20			
Murine hepatitis virus		strain: MHV-JHM	11138	ASM292247v1	GCA_002922475.1	GenBank	INSDC Submitter	Complete Genome	1767	13351	1993-04-29	1		
Transmissible gastroenteritis virus			11149	ASM298599v1	GCA_002985995.1	GenBank	INSDC Submitter	Complete Genome	28586	28586	2000-05-11	7		
Murine hepatitis virus			11138	ASM397178v1	GCA_003971785.1	GenBank		Complete Genome	31335	31335	2004-08-31			
Ferret coronavirus			1264898	ASM397188v1	GCA_003971885.1	GenBank		Complete Genome	28550	28550	2016-07-20			
NL63-related bat coronavirus			1920748	ASM397206v1	GCA_003972065.1	GenBank	INSDC Submitter	Complete Genome	28679	28679	2016-12-06	7		
Human coronavirus OC43			31631	ASM397232v1	GCA_003972325.1	GenBank	INSDC Submitter	Complete Genome	30741	30741	2004-08-04	3		
Severe acute respiratory syndrome coronavirus 2			2697049	ASM985889v3	GCA_009858895.3	GenBank	INSDC Submitter	Complete Genome	29903	29903	2020-01-12	10		
Severe acute respiratory syndrome coronavirus 2			2697049	ASM993788v1	GCA_009937885.1	GenBank	INSDC Submitter	Complete Genome	29838	29838	2020-01-24	9		
Severe acute respiratory syndrome coronavirus 2			2697049	ASM993789v1	GCA_009937895.1	GenBank	INSDC Submitter	Complete Genome	29891	29891	2020-01-24	10		
Severe acute respiratory syndrome coronavirus 2			2697049	ASM993790v1	GCA_009937905.1	GenBank	INSDC Submitter	Complete Genome	29882	29882	2020-01-24	10		
Severe acute respiratory syndrome coronavirus 2			2697049	ASM993791v1	GCA_009937915.1	GenBank	INSDC Submitter	Complete Genome	29882	29882	2020-01-25	10		
Severe acute respiratory syndrome coronavirus 2			2697049	ASM993792v1	GCA_009937925.1	GenBank	INSDC Submitter	Complete Genome	29882	29882	2020-01-28	10		
Severe acute respiratory syndrome coronavirus 2			2697049	ASM993793v1	GCA_009937935.1	GenBank	INSDC Submitter	Complete Genome	29883	29883	2020-01-28	10		
Severe acute respiratory syndrome coronavirus 2			2697049	ASM993794v1	GCA_009937945.1	GenBank	INSDC Submitter	Complete Genome	29882	29882	2020-01-28	10		
Severe acute respiratory syndrome coronavirus 2			2697049	ASM993805v1	GCA_009938055.1	GenBank	INSDC Submitter	Complete Genome	29881	29881	2020-01-28	5		
Severe acute respiratory syndrome coronavirus 2			2697049	ASM993806v1	GCA_009938065.1	GenBank	INSDC Submitter	Complete Genome	29881	29881	2020-01-28	5		
Severe acute respiratory syndrome coronavirus 2			2697049	ASM994842v1	GCA_009948425.1	GenBank	INSDC Submitter	Complete Genome	29825	29825	2020-01-29	10		
Severe acute respiratory syndrome coronavirus 2			2697049	ASM994846v1	GCA_009948465.1	GenBank	INSDC Submitter	Complete Genome	29891	29891	2020-01-29	10		
Severe acute respiratory syndrome coronavirus 2			2697049	ASM994849v1	GCA_009948495.1	GenBank	INSDC Submitter	Complete Genome	29852	29852	2020-01-29	10		
Severe acute respiratory syndrome coronavirus 2			2697049	ASM994852v1	GCA_009948525.1	GenBank	INSDC Submitter	Complete Genome	29854	29854	2020-01-29	10		
Severe acute respiratory syndrome coronavirus 2			2697049	ASM994855v1	GCA_009948555.1	GenBank	INSDC Submitter	Complete Genome	29857	29857	2020-01-29	10		
Severe acute respiratory syndrome coronavirus 2			2697049	Australia/VIC01/2020	GCA_011536935.1	GenBank	INSDC Submitter	Complete Genome	29893	29893	2020-01-31	11	PRJNA613958	SAMN15366226
Severe acute respiratory syndrome coronavirus 2			2697049	IPBCAMS-WH-05	GCA_011536975.1	GenBank	INSDC Submitter	Complete Genome	29883	29883	2020-02-05	10		
Severe acute respiratory syndrome coronavirus 2			2697049	BetaCoV/Wuhan/IPBCAMS-WH-02/2019	GCA_011537005.1	GenBank	INSDC Submitter	Complete Genome	29899	29899	2020-02-05	10		
Severe acute respiratory syndrome coronavirus 2			2697049	BetaCoV/Wuhan/IPBCAMS-WH-02/2019	GCA_011537015.1	GenBank	INSDC Submitter	Complete Genome	29890	29890	2020-02-05	10		
Severe acute respiratory syndrome coronavirus 2			2697049	BetaCoV/Wuhan/IPBCAMS-WH-02/2019	GCA_011537065.1	GenBank	INSDC Submitter	Complete Genome	29889	29889	2020-02-05	10		
Severe acute respiratory syndrome coronavirus 2			2697049	ASM1153707v1	GCA_011537075.1	GenBank	INSDC Submitter	Complete Genome	29882	29882	2020-02-05	10		
Severe acute respiratory syndrome coronavirus 2			2697049	ASM1153708v1	GCA_011537085.1	GenBank	INSDC Submitter	Complete Genome	29882	29882	2020-02-05	10		
Severe acute respiratory syndrome coronavirus 2			2697049	BetaCoV/Wuhan/IPBCAMS-WH-01/2019	GCA_011537135.1	GenBank	INSDC Submitter	Complete Genome	29899	29899	2020-02-05	10		
Severe acute respiratory syndrome coronavirus 2			2697049	ASM1153714v1	GCA_011537145.1	GenBank	INSDC Submitter	Complete Genome	29882	29882	2020-02-07	10		
Severe acute respiratory syndrome coronavirus 2			2697049	ASM1153715v1	GCA_011537155.1	GenBank	INSDC Submitter	Complete Genome	29879	29879	2020-02-11	10		
Severe acute respiratory syndrome coronavirus 2			2697049	BetaCoV/Hangzhou/HZ-1/2020	GCA_011537225.1	GenBank	INSDC Submitter	Complete Genome	29833	29833	2020-02-11	10		
Severe acute respiratory syndrome coronavirus 2			2697049	BetaCoV/Korea/SNU01/2020	GCA_011537235.1	GenBank	INSDC Submitter	Complete Genome	29903	29903	2020-02-11	10		
Severe acute respiratory syndrome coronavirus 2			2697049	ASM1153726v1	GCA_011537265.1	GenBank	INSDC Submitter	Complete Genome	29882	29882	2020-02-11	10		
Severe acute respiratory syndrome coronavirus 2			2697049	ASM1153729v1	GCA_011537295.1	GenBank	INSDC Submitter	Complete Genome	29903	29903	2020-02-12	12		
Severe acute respiratory syndrome coronavirus 2			2697049	ASM1153732v1	GCA_011537325.1	GenBank	INSDC Submitter	Complete Genome	29858	29858	2020-02-12	10		
Severe acute respiratory syndrome coronavirus 2			2697049	ASM1153735v1	GCA_011537355.1	GenBank	INSDC Submitter	Complete Genome	29882	29882	2020-02-12	10		
Severe acute respiratory syndrome coronavirus 2			2697049	ASM1153736v1	GCA_011537365.1	GenBank	INSDC Submitter	Complete Genome	29870	29870	2020-02-14	10		
Severe acute respiratory syndrome coronavirus 2			2697049	ASM1153739v1	GCA_011537395.1	GenBank	INSDC Submitter	Complete Genome	29870	29870	2020-02-14	10		
Severe acute respiratory syndrome coronavirus 2			2697049	ASM1153742v1	GCA_011537425.1	GenBank	INSDC Submitter	Complete Genome	29811	29811	2020-02-18	10		
Severe acute respiratory syndrome coronavirus 2			2697049	SARS-CoV-2-Iso_01-Human-2020-02-07-Swe	GCA_011537455.1	GenBank	INSDC Submitter	Complete Genome	29886	29886	2020-02-21	10		
Severe acute respiratory syndrome coronavirus 2			2697049	ASM1153746v1	GCA_011537465.1	GenBank	INSDC Submitter	Complete Genome	29860	29860	2020-02-21	10		
Severe acute respiratory syndrome coronavirus 2			2697049	ASM1153747v1	GCA_011537475.1	GenBank	INSDC Submitter	Complete Genome	29882	29882	2020-02-24	10		
Severe acute respiratory syndrome coronavirus 2			2697049	ASM1153750v1	GCA_011537505.1	GenBank	INSDC Submitter	Complete Genome	29882	29882	2020-02-24	10		
Severe acute respiratory syndrome coronavirus 2			2697049	ASM1153751v1	GCA_011537515.1	GenBank	INSDC Submitter	Complete Genome	29882	29882	2020-02-24	10		
Severe acute respiratory syndrome coronavirus 2			2697049	ASM1153752v1	GCA_011537525.1	GenBank	INSDC Submitter	Complete Genome	29882	29882	2020-02-27	10		
Severe acute respiratory syndrome coronavirus 2			2697049	ASM1153755v1	GCA_011537555.1	GenBank	INSDC Submitter	Complete Genome	29882	29882	2020-02-28	10		
Severe acute respiratory syndrome coronavirus 2			2697049	ASM1153756v1	GCA_011537565.1	GenBank	INSDC Submitter	Complete Genome	29891	29891	2020-02-28	10		
Severe acute respiratory syndrome coronavirus 2			2697049	ASM1153761v1	GCA_011537615.1	GenBank	INSDC Submitter	Complete Genome	29923	29923	2020-02-28	10		
Severe acute respiratory syndrome coronavirus 2			2697049	ASM1153762v1	GCA_011537625.1	GenBank	INSDC Submitter	Complete Genome	29876	29876	2020-03-02	10		
Severe acute respiratory syndrome coronavirus 2			2697049	ASM1153769v1	GCA_011537695.1	GenBank		Complete Genome	29903	29903	2020-03-04			
Severe acute respiratory syndrome coronavirus 2			2697049	ASM1153770v1	GCA_011537705.1	GenBank		Complete Genome	29903	29903	2020-03-04			
Severe acute respiratory syndrome coronavirus 2			2697049	ASM1153771v1	GCA_011537715.1	GenBank	INSDC Submitter	Complete Genome	29878	29878	2020-03-05	10	PRJNA746979	SAMN20572657
Severe acute respiratory syndrome coronavirus 2			2697049	ASM1153778v1	GCA_011537785.1	GenBank	INSDC Submitter	Complete Genome	29854	29854	2020-03-06	10		
Severe acute respiratory syndrome coronavirus 2			2697049	ASM1153781v1	GCA_011537815.1	GenBank	INSDC Submitter	Complete Genome	29851	29851	2020-03-06	10		
Severe acute respiratory syndrome coronavirus 2			2697049	ASM1153782v2	GCA_011537825.2	GenBank	INSDC Submitter	Complete Genome	29882	29882	2020-03-09	10		
Severe acute respiratory syndrome coronavirus 2			2697049	ASM1153783v2	GCA_011537835.2	GenBank	INSDC Submitter	Complete Genome	29882	29882	2020-03-09	10		
Severe acute respiratory syndrome coronavirus 2			2697049	ASM1153786v2	GCA_011537865.2	GenBank	INSDC Submitter	Complete Genome	29882	29882	2020-03-09	10		
Severe acute respiratory syndrome coronavirus 2			2697049	ASM1153789v2	GCA_011537895.2	GenBank	INSDC Submitter	Complete Genome	29882	29882	2020-03-09	10		
Severe acute respiratory syndrome coronavirus 2			2697049	ASM1153794v2	GCA_011537945.2	GenBank	INSDC Submitter	Complete Genome	29882	29882	2020-03-09	10		
Severe acute respiratory syndrome coronavirus 2			2697049	ASM1153797v2	GCA_011537975.2	GenBank	INSDC Submitter	Complete Genome	29882	29882	2020-03-09	10		
Severe acute respiratory syndrome coronavirus 2			2697049	ASM1153798v2	GCA_011537985.2	GenBank	INSDC Submitter	Complete Genome	29882	29882	2020-03-09	10		
Severe acute respiratory syndrome coronavirus 2			2697049	ASM1153801v2	GCA_011538015.2	GenBank	INSDC Submitter	Complete Genome	29867	29867	2020-03-09	10		
Severe acute respiratory syndrome coronavirus 2			2697049	ASM1153802v2	GCA_011538025.2	GenBank	INSDC Submitter	Complete Genome	29882	29882	2020-03-09	10		
Severe acute respiratory syndrome coronavirus 2			2697049	ASM1153805v2	GCA_011538055.2	GenBank	INSDC Submitter	Complete Genome	29882	29882	2020-03-09	10		
Severe acute respiratory syndrome coronavirus 2			2697049	ASM1153810v2	GCA_011538105.2	GenBank	INSDC Submitter	Complete Genome	29882	29882	2020-03-09	10		
Severe acute respiratory syndrome coronavirus 2			2697049	ASM1154497v2	GCA_011544975.2	GenBank	INSDC Submitter	Complete Genome	29882	29882	2020-03-09	10		
Severe acute respiratory syndrome coronavirus 2			2697049	ASM1154502v2	GCA_011545025.2	GenBank	INSDC Submitter	Complete Genome	29882	29882	2020-03-09	10		
Severe acute respiratory syndrome coronavirus 2			2697049	nCoV-SH01	GCA_011545035.1	GenBank		Complete Genome	29945	29945	2020-03-09			
Severe acute respiratory syndrome coronavirus 2			2697049	ASM1154506v2	GCA_011545065.2	GenBank	INSDC Submitter	Complete Genome	29882	29882	2020-03-09	10		
Severe acute respiratory syndrome coronavirus 2			2697049	ASM1154507v2	GCA_011545075.2	GenBank	INSDC Submitter	Complete Genome	29882	29882	2020-03-09	10		
Severe acute respiratory syndrome coronavirus 2			2697049	ASM1154508v2	GCA_011545085.2	GenBank	INSDC Submitter	Complete Genome	29882	29882	2020-03-09	10		
Severe acute respiratory syndrome coronavirus 2			2697049	ASM1154509v2	GCA_011545095.2	GenBank	INSDC Submitter	Complete Genome	29882	29882	2020-03-09	10		
Severe acute respiratory syndrome coronavirus 2			2697049	ASM1154512v2	GCA_011545125.2	GenBank	INSDC Submitter	Complete Genome	29882	29882	2020-03-09	10		
Severe acute respiratory syndrome coronavirus 2			2697049	ASM1154513v1	GCA_011545135.1	GenBank	INSDC Submitter	Complete Genome	29867	29867	2020-03-09	10		
Severe acute respiratory syndrome coronavirus 2			2697049	ASM1154516v1	GCA_011545165.1	GenBank		Complete Genome	29903	29903	2020-03-10			
Severe acute respiratory syndrome coronavirus 2			2697049	ASM1154523v1	GCA_011545235.1	GenBank		Complete Genome	29897	29897	2020-03-10			
Severe acute respiratory syndrome coronavirus 2			2697049	ASM1154524v1	GCA_011545245.1	GenBank		Complete Genome	29903	29903	2020-03-10			
Severe acute respiratory syndrome coronavirus 2			2697049	ASM1154527v1	GCA_011545275.1	GenBank		Complete Genome	29903	29903	2020-03-10			
Severe acute respiratory syndrome coronavirus 2			2697049	ASM1154528v2	GCA_011545285.2	GenBank	INSDC Submitter	Complete Genome	29882	29882	2020-03-12	10		
Severe acute respiratory syndrome coronavirus 2			2697049	ASM1154529v1	GCA_011545295.1	GenBank	INSDC Submitter	Complete Genome	29882	29882	2020-03-12	10		
Severe acute respiratory syndrome coronavirus 2			2697049	ASM1154532v2	GCA_011545325.2	GenBank	INSDC Submitter	Complete Genome	29882	29882	2020-03-12	10		
Severe acute respiratory syndrome coronavirus 2			2697049	ASM1154533v2	GCA_011545335.2	GenBank	INSDC Submitter	Complete Genome	29882	29882	2020-03-12	10		
Severe acute respiratory syndrome coronavirus 2			2697049	ASM1154534v1	GCA_011545345.1	GenBank	INSDC Submitter	Complete Genome	29882	29882	2020-03-12	10		
Severe acute respiratory syndrome coronavirus 2			2697049	ASM1154535v1	GCA_011545355.1	GenBank	INSDC Submitter	Complete Genome	29882	29882	2020-03-12	10		
Severe acute respiratory syndrome coronavirus 2			2697049	ASM1154542v1	GCA_011545425.1	GenBank	INSDC Submitter	Complete Genome	29882	29882	2020-03-12	10		
Severe acute respiratory syndrome coronavirus 2			2697049	ASM1154545v1	GCA_011545455.1	GenBank	INSDC Submitter	Complete Genome	29845	29845	2020-03-13	10		
Severe acute respiratory syndrome coronavirus 2			2697049	ASM1154548v1	GCA_011545485.1	GenBank	INSDC Submitter	Complete Genome	29783	29783	2020-03-13	10		
Severe acute respiratory syndrome coronavirus 2			2697049	ASM1154549v1	GCA_011545495.1	GenBank	INSDC Submitter	Complete Genome	29835	29835	2020-03-13	10		
Severe acute respiratory syndrome coronavirus 2			2697049	ASM1154550v1	GCA_011545505.1	GenBank	INSDC Submitter	Complete Genome	29862	29862	2020-03-16	10		
Severe acute respiratory syndrome coronavirus 2			2697049	Sars CoV2/human/Ho Chi Minh city/nCoV-19-01S/2020	GCA_011545535.1	GenBank	INSDC Submitter	Complete Genome	29891	29891	2020-03-16	10		
Severe acute respiratory syndrome coronavirus 2			2697049	ASM1154554v1	GCA_011545545.1	GenBank	INSDC Submitter	Complete Genome	29829	29829	2020-03-16	11	PRJNA612578	
Severe acute respiratory syndrome coronavirus 2			2697049	Sars CoV2/human/Ho Chi Minh city/nCoV-19-02S/2020	GCA_011545555.1	GenBank	INSDC Submitter	Complete Genome	29890	29890	2020-03-16	10		
Severe acute respiratory syndrome coronavirus 2			2697049	ASM1174199v1	GCA_011741995.1	GenBank		Complete Genome	29903	29903	2020-03-04			
Severe acute respiratory syndrome coronavirus 2			2697049	ASM1174200v2	GCA_011742005.2	GenBank	INSDC Submitter	Complete Genome	29871	29871	2020-02-28	10		
Severe acute respiratory syndrome coronavirus 2			2697049	ASM1174201v1	GCA_011742015.1	GenBank		Complete Genome	29903	29903	2020-03-04			
Severe acute respiratory syndrome coronavirus 2			2697049	ASM1174202v1	GCA_011742025.1	GenBank	INSDC Submitter	Complete Genome	29882	29882	2020-02-07	10		
Severe acute respiratory syndrome coronavirus 2			2697049	ASM1174203v1	GCA_011742035.1	GenBank	INSDC Submitter	Complete Genome	29882	29882	2020-02-07	10		
Duck coronavirus			300188	ASM1227156v1	GCA_012271565.1	GenBank	INSDC Submitter	Complete Genome	27754	27754	2015-05-09	12		
Infectious bronchitis virus			11120	ASM1227157v1	GCA_012271575.1	GenBank	INSDC Submitter	Complete Genome	27464	27464	2015-08-16	6		
Rodent coronavirus			2050018	ASM1227161v1	GCA_012271615.1	GenBank		Complete Genome	31393	31393	2017-12-31			
Common shrew coronavirus Tibet-2014			2849711	ASM1227162v1	GCA_012271625.1	GenBank		Complete Genome	27102	27102	2017-12-31			
Wencheng Sm shrew coronavirus			1508228	ASM1227163v1	GCA_012271635.1	GenBank		Complete Genome	25984	25984	2017-07-06			
Bat coronavirus			1508220	ASM1227172v1	GCA_012271725.1	GenBank		Complete Genome	28975	28975	2018-06-24			
Alphacoronavirus Bat-CoV/P.kuhlii/Italy/3398-19/2015			2492658	ASM1227173v1	GCA_012271735.1	GenBank	INSDC Submitter	Complete Genome	28128	28128	2018-12-04	6		
Canada goose coronavirus			2569586	ASM1227174v1	GCA_012271745.1	GenBank		Complete Genome	28539	28539	2019-04-21			
SARS coronavirus PC4-227			293936	ASM1308858v1	GCA_013088585.1	GenBank		Complete Genome	29728	29728	2005-01-28			
Severe acute respiratory syndrome-related coronavirus			694009	ASM1308859v1	GCA_013088595.1	GenBank	INSDC Submitter	Complete Genome	29274	29274	2018-12-31	10		
Bat alphacoronavirus			2419667	ASM2312287v1	GCA_023122875.1	GenBank		Complete Genome	28045	28045	2018-10-16			
Alphacoronavirus sp.			1906673	ASM2312438v1	GCA_023124385.1	GenBank		Complete Genome	28170	28170	2019-12-21			
Alphacoronavirus sp.			1906673	ASM2312439v1	GCA_023124395.1	GenBank		Complete Genome	27435	27435	2019-12-21			
Alphacoronavirus sp.			1906673	ASM2312440v1	GCA_023124405.1	GenBank		Complete Genome	28009	28009	2019-12-21			
Pacific salmon nidovirus			2587487	ASM2312452v1	GCA_023124525.1	GenBank		Complete Genome	21780	36652	2019-08-25		PRJNA547678	SAMN11974798
Tylonycteris bat coronavirus HKU33			2586420	ASM2312461v1	GCA_023124615.1	GenBank	INSDC Submitter	Complete Genome	27636	27636	2019-06-10	7		
Hipposideros pomona bat coronavirus CHB25			2691598	ASM2314179v1	GCA_023141795.1	GenBank	INSDC Submitter	Complete Genome	28169	28169	2019-12-31	8		
Bat alphacoronavirus			2419667	ASM2314883v1	GCA_023148835.1	GenBank		Complete Genome	29097	29097	2020-07-13			
Swine enteric coronavirus			1766554	SeCoV_GER_L00930_2012	GCA_900078225.1	GenBank		Complete Genome	28050	28050	2016-05-14		PRJEB13040	SAMEA3898260
Porcine epidemic diarrhea virus			28295	PEDV_GER_L00901-V215_1978	GCA_900188515.1	GenBank	INSDC Submitter	Complete Genome	27998	27998	2018-02-24	3	PRJEB20818	SAMEA81257668
Porcine epidemic diarrhea virus			28295	PEDV_GER_L00928-K20_14-03_2014	GCA_900197095.1	GenBank	INSDC Submitter	Complete Genome	28029	28029	2017-08-08	7	PRJEB19039	SAMEA81263668
Porcine epidemic diarrhea virus			28295	PEDV_GER_L00927-K20_14-02_2014	GCA_900197105.1	GenBank	INSDC Submitter	Complete Genome	28029	28029	2017-08-08	6	PRJEB19039	SAMEA81262918
Porcine epidemic diarrhea virus			28295	PEDV_GER_L00857-K14_14-04_2014	GCA_900197115.1	GenBank	INSDC Submitter	Complete Genome	28009	28009	2017-08-08	6	PRJEB19039	SAMEA81256168
Porcine epidemic diarrhea virus			28295	PEDV_GER_L00932-K22_14-04_2014	GCA_900197125.1	GenBank	INSDC Submitter	Complete Genome	28029	28029	2017-08-08	6	PRJEB19039	SAMEA81265918
Porcine epidemic diarrhea virus			28295	PEDV_GER_L00931-K22_14-03_2014	GCA_900197135.1	GenBank	INSDC Submitter	Complete Genome	28029	28029	2017-08-08	6	PRJEB19039	SAMEA81265168
Porcine epidemic diarrhea virus			28295	PEDV_GER_L01014-K01_15-04_2015	GCA_900197145.1	GenBank	INSDC Submitter	Complete Genome	28029	28029	2017-08-08	6	PRJEB19039	SAMEA81271168
Porcine epidemic diarrhea virus			28295	PEDV_GER_L00999-K06_15-07_2015	GCA_900197155.1	GenBank	INSDC Submitter	Complete Genome	28006	28006	2017-08-08	6	PRJEB19039	SAMEA81268168
Porcine epidemic diarrhea virus			28295	PEDV_GER_L00907- K16_14-02_2014	GCA_900197165.1	GenBank	INSDC Submitter	Complete Genome	28029	28029	2017-08-08	7	PRJEB19039	SAMEA81259168
Porcine epidemic diarrhea virus			28295	PEDV_AUSTRIA_L01064-M10_15-03_2015	GCA_900197185.1	GenBank	INSDC Submitter	Complete Genome	28030	28030	2017-08-08	6	PRJEB19039	SAMEA81279418
Porcine epidemic diarrhea virus			28295	PEDV_GER_L00906-K16_14-01_2014	GCA_900197205.1	GenBank	INSDC Submitter	Complete Genome	28029	28029	2017-08-08	6	PRJEB19039	SAMEA81258418
Porcine epidemic diarrhea virus			28295	PEDV_GER_L00933-K22_14-05_2014	GCA_900197225.1	GenBank	INSDC Submitter	Complete Genome	28029	28029	2017-08-08	6	PRJEB19039	SAMEA81266668
Porcine epidemic diarrhea virus			28295	PEDV_GER_L01018-K01_15-08_2015	GCA_900197235.1	GenBank	INSDC Submitter	Complete Genome	28030	28030	2017-08-08	6	PRJEB19039	SAMEA81273418
Porcine epidemic diarrhea virus			28295	PEDV_GER_L01020-K01_15-10_2015	GCA_900197245.1	GenBank	INSDC Submitter	Complete Genome	28030	28030	2017-08-08	6	PRJEB19039	SAMEA81274918
Porcine epidemic diarrhea virus			28295	PEDV_ROMANIA_L01329-K25_15-01_2015	GCA_900197275.1	GenBank	INSDC Submitter	Complete Genome	27981	27981	2017-08-08	6	PRJEB19039	SAMEA81280918
Porcine epidemic diarrhea virus			28295	PEDV_GER_L00918-K17_14-01_2014	GCA_900197285.1	GenBank	INSDC Submitter	Complete Genome	27977	27977	2017-08-08	6	PRJEB19039	SAMEA81260668
Porcine epidemic diarrhea virus			28295	PEDV_GER_L01420-K06_15-04_2015	GCA_900197295.1	GenBank	INSDC Submitter	Complete Genome	28030	28030	2017-08-08	6	PRJEB19039	SAMEA81282418
Porcine epidemic diarrhea virus			28295	PEDV_GER_L00908-K16_14-03_2014	GCA_900197305.1	GenBank	INSDC Submitter	Complete Genome	28029	28029	2017-08-08	6	PRJEB19039	SAMEA81259918
Porcine epidemic diarrhea virus			28295	PEDV_GER_L01012_K01_15-02_2015	GCA_900197315.1	GenBank	INSDC Submitter	Complete Genome	28030	28030	2017-08-08	6	PRJEB19039	SAMEA81269668
Porcine epidemic diarrhea virus			28295	PEDV_GER_L01019-K01_15-09_2015	GCA_900197325.1	GenBank	INSDC Submitter	Complete Genome	28030	28030	2017-08-08	6	PRJEB19039	SAMEA81274168
Porcine epidemic diarrhea virus			28295	PEDV_GER_L00799- K11_14-01_2014	GCA_900197335.1	GenBank	INSDC Submitter	Complete Genome	28028	28028	2017-08-08	7	PRJEB19039	SAMEA81254668
Porcine epidemic diarrhea virus			28295	PEDV_GER_L00926-K20__4-01_2014	GCA_900197345.1	GenBank	INSDC Submitter	Complete Genome	28029	28029	2017-08-08	6	PRJEB19039	SAMEA81262168
Porcine epidemic diarrhea virus			28295	PEDV_GER_L00855-K14_14-02_2014	GCA_900197355.1	GenBank	INSDC Submitter	Complete Genome	28023	28023	2017-08-08	6	PRJEB19039	SAMEA81255418
Porcine epidemic diarrhea virus			28295	PEDV_GER_L00919- K17_14-02_2014	GCA_900197365.1	GenBank	INSDC Submitter	Complete Genome	27975	27975	2017-08-08	6	PRJEB19039	SAMEA81261418
Porcine epidemic diarrhea virus			28295	PEDV_AUSTRIA_L01062-M10_15-01_2015	GCA_900197375.1	GenBank	INSDC Submitter	Complete Genome	28008	28008	2017-08-08	7	PRJEB19039	SAMEA81277918
Porcine epidemic diarrhea virus			28295	PEDV_GER_L01017-K01_15-07_2015	GCA_900197385.1	GenBank	INSDC Submitter	Complete Genome	28013	28013	2017-08-08	6	PRJEB19039	SAMEA81272668
Porcine epidemic diarrhea virus			28295	PEDV_ROMANIA_L01330-K25_15-02_2015	GCA_900197395.1	GenBank	INSDC Submitter	Complete Genome	28030	28030	2017-08-08	6	PRJEB19039	SAMEA81281668
Porcine epidemic diarrhea virus			28295	PEDV_GER_L00798- K11_14-02_2014	GCA_900197405.1	GenBank	INSDC Submitter	Complete Genome	28030	28030	2017-08-08	6	PRJEB19039	SAMEA81253918
Porcine epidemic diarrhea virus			28295	PEDV_GER_L01059-K07_15-01_2015	GCA_900197415.1	GenBank	INSDC Submitter	Complete Genome	28030	28030	2017-08-08	6	PRJEB19039	SAMEA81275668
Porcine epidemic diarrhea virus			28295	PEDV_GER_L01060-K07_15-02_2015	GCA_900197425.1	GenBank	INSDC Submitter	Complete Genome	28026	28026	2017-08-08	6	PRJEB19039	SAMEA81276418
Porcine epidemic diarrhea virus			28295	PEDV_GER_L01061-K07_15-03_2015	GCA_900197455.1	GenBank	INSDC Submitter	Complete Genome	28030	28030	2017-08-08	7	PRJEB19039	SAMEA81277168
Porcine epidemic diarrhea virus			28295	PEDV_GER_L00998-K06_15-03_2015	GCA_900197475.1	GenBank	INSDC Submitter	Complete Genome	28028	28028	2017-08-08	6	PRJEB19039	SAMEA81267418
Porcine epidemic diarrhea virus			28295	PEDV_GER_L01011-K01_15-01_2015	GCA_900197485.1	GenBank	INSDC Submitter	Complete Genome	28029	28029	2017-08-08	6	PRJEB19039	SAMEA81268918
Porcine epidemic diarrhea virus			28295	PEDV_GER_L01013-K01_15-03_2015	GCA_900197515.1	GenBank	INSDC Submitter	Complete Genome	28029	28029	2017-08-08	6	PRJEB19039	SAMEA81270418
Porcine epidemic diarrhea virus			28295	PEDV_AUSTRIA_L01065-M10_15-04_2015	GCA_900197535.1	GenBank	INSDC Submitter	Complete Genome	28030	28030	2017-08-08	6	PRJEB19039	SAMEA81280168
Porcine epidemic diarrhea virus			28295	PEDV_GER_L01015-K01_15-05_2015	GCA_900197545.1	GenBank	INSDC Submitter	Complete Genome	28030	28030	2017-08-08	6	PRJEB19039	SAMEA81271918
Porcine epidemic diarrhea virus			28295	PEDV_AUSTRIA_L01063-M10_15-02_2015	GCA_900197555.1	GenBank	INSDC Submitter	Complete Genome	28030	28030	2017-08-08	6	PRJEB19039	SAMEA81278668
Porcine epidemic diarrhea virus			28295	PEDV_GER_L00862_2014	GCA_900197565.1	GenBank	INSDC Submitter	Complete Genome	27995	27995	2017-08-08	6	PRJEB19039	SAMEA81256918
Porcine epidemic diarrhea virus			28295	Br1_87_DTU	GCA_900205315.1	GenBank	INSDC Submitter	Complete Genome	28061	28061	2018-02-24	1	PRJEB20818	SAMEA104205505
Porcine epidemic diarrhea virus			28295	CV777_WBR	GCA_900205325.1	GenBank	INSDC Submitter	Chromosome	20676	27969	2018-02-24	1	PRJEB20818	SAMEA104205509
Porcine epidemic diarrhea virus			28295	CV777_ANSES	GCA_900205335.1	GenBank	INSDC Submitter	Complete Genome	28017	28017	2018-02-24	1	PRJEB20818	SAMEA104205507
Porcine epidemic diarrhea virus			28295	CV777_APHA	GCA_900205345.1	GenBank	INSDC Submitter	Complete Genome	28026	28026	2018-02-24	1	PRJEB20818	SAMEA104205508
Porcine epidemic diarrhea virus			28295	CV777_IZSLER	GCA_900205355.1	GenBank	INSDC Submitter	Complete Genome	27945	27945	2018-02-24	1	PRJEB20818	SAMEA104205506
