Organism Scientific Name	Organism Common Name	Organism Qualifier	Taxonomy id	Assembly Name	Assembly Accession	Source	Annotation	Level	Contig N50	Size	Submission Date	Gene Count	BioProject	BioSample
Human metapneumovirus		isolate: CAN97-83	162145	ViralProj15498	GCA_000865625.1	GenBank	INSDC Submitter	Complete Genome	13335	13335	2003-10-06	8		
Human metapneumovirus		isolate: 00-1	162145	ASM281537v1	GCA_002815375.1	GenBank	INSDC Submitter	Complete Genome	13350	13350	2001-06-17	8		
Human metapneumovirus		isolate: NL/00/17	162145	ASM281539v1	GCA_002815395.1	GenBank	INSDC Submitter	Complete Genome	13336	13336	2008-12-09	8		
Human metapneumovirus		isolate: NL/1/99	162145	ASM281541v1	GCA_002815415.1	GenBank	INSDC Submitter	Complete Genome	13293	13293	2004-07-08	8		
Human metapneumovirus		isolate: NL/94/01	162145	ASM281543v1	GCA_002815435.1	GenBank	INSDC Submitter	Complete Genome	13282	13282	2008-12-09	8		
