{
"apiVersion": "V1",
"assemblies": [
{
  "files": [
    {
      "filePath": "data_summary.tsv",
      "fileType": "DATA_TABLE"
    },
    {
      "filePath": "assembly_data_report.jsonl",
      "fileType": "DATA_REPORT"
    }
  ]
},{
  "accession": "GCA_000865625.1",
  "files": [
    {
      "filePath": "GCA_000865625.1/GCA_000865625.1_ViralProj15498_genomic.fna",
      "fileType": "GENOMIC_NUCLEOTIDE_FASTA"
    },
    {
      "filePath": "GCA_000865625.1/sequence_report.jsonl",
      "fileType": "SEQUENCE_REPORT"
    }
  ]
},{
  "accession": "GCA_002815375.1",
  "files": [
    {
      "filePath": "GCA_002815375.1/GCA_002815375.1_ASM281537v1_genomic.fna",
      "fileType": "GENOMIC_NUCLEOTIDE_FASTA"
    },
    {
      "filePath": "GCA_002815375.1/sequence_report.jsonl",
      "fileType": "SEQUENCE_REPORT"
    }
  ]
},{
  "accession": "GCA_002815395.1",
  "files": [
    {
      "filePath": "GCA_002815395.1/GCA_002815395.1_ASM281539v1_genomic.fna",
      "fileType": "GENOMIC_NUCLEOTIDE_FASTA"
    },
    {
      "filePath": "GCA_002815395.1/sequence_report.jsonl",
      "fileType": "SEQUENCE_REPORT"
    }
  ]
},{
  "accession": "GCA_002815415.1",
  "files": [
    {
      "filePath": "GCA_002815415.1/GCA_002815415.1_ASM281541v1_genomic.fna",
      "fileType": "GENOMIC_NUCLEOTIDE_FASTA"
    },
    {
      "filePath": "GCA_002815415.1/sequence_report.jsonl",
      "fileType": "SEQUENCE_REPORT"
    }
  ]
},{
  "accession": "GCA_002815435.1",
  "files": [
    {
      "filePath": "GCA_002815435.1/GCA_002815435.1_ASM281543v1_genomic.fna",
      "fileType": "GENOMIC_NUCLEOTIDE_FASTA"
    },
    {
      "filePath": "GCA_002815435.1/sequence_report.jsonl",
      "fileType": "SEQUENCE_REPORT"
    }
  ]
}]}
