{
"apiVersion": "V1",
"assemblies": [
{
  "files": [
    {
      "filePath": "data_summary.tsv",
      "fileType": "DATA_TABLE"
    },
    {
      "filePath": "assembly_data_report.jsonl",
      "fileType": "DATA_REPORT"
    }
  ]
},{
  "accession": "GCA_000861265.1",
  "files": [
    {
      "filePath": "GCA_000861265.1/GCA_000861265.1_ViralProj15309_genomic.fna",
      "fileType": "GENOMIC_NUCLEOTIDE_FASTA"
    },
    {
      "filePath": "GCA_000861265.1/sequence_report.jsonl",
      "fileType": "SEQUENCE_REPORT"
    }
  ]
},{
  "accession": "GCA_000862245.1",
  "files": [
    {
      "filePath": "GCA_000862245.1/GCA_000862245.1_ViralProj15330_genomic.fna",
      "fileType": "GENOMIC_NUCLEOTIDE_FASTA"
    },
    {
      "filePath": "GCA_000862245.1/sequence_report.jsonl",
      "fileType": "SEQUENCE_REPORT"
    }
  ]
},{
  "accession": "GCA_002816835.1",
  "files": [
    {
      "filePath": "GCA_002816835.1/GCA_002816835.1_ASM281683v1_genomic.fna",
      "fileType": "GENOMIC_NUCLEOTIDE_FASTA"
    },
    {
      "filePath": "GCA_002816835.1/sequence_report.jsonl",
      "fileType": "SEQUENCE_REPORT"
    }
  ]
},{
  "accession": "GCA_002816855.1",
  "files": [
    {
      "filePath": "GCA_002816855.1/GCA_002816855.1_ASM281685v1_genomic.fna",
      "fileType": "GENOMIC_NUCLEOTIDE_FASTA"
    },
    {
      "filePath": "GCA_002816855.1/sequence_report.jsonl",
      "fileType": "SEQUENCE_REPORT"
    }
  ]
},{
  "accession": "GCA_008766695.1",
  "files": [
    {
      "filePath": "GCA_008766695.1/GCA_008766695.1_ASM876669v1_genomic.fna",
      "fileType": "GENOMIC_NUCLEOTIDE_FASTA"
    },
    {
      "filePath": "GCA_008766695.1/sequence_report.jsonl",
      "fileType": "SEQUENCE_REPORT"
    }
  ]
},{
  "accession": "GCA_008767175.1",
  "files": [
    {
      "filePath": "GCA_008767175.1/GCA_008767175.1_ASM876717v1_genomic.fna",
      "fileType": "GENOMIC_NUCLEOTIDE_FASTA"
    },
    {
      "filePath": "GCA_008767175.1/sequence_report.jsonl",
      "fileType": "SEQUENCE_REPORT"
    }
  ]
},{
  "accession": "GCA_008767275.1",
  "files": [
    {
      "filePath": "GCA_008767275.1/GCA_008767275.1_ASM876727v1_genomic.fna",
      "fileType": "GENOMIC_NUCLEOTIDE_FASTA"
    },
    {
      "filePath": "GCA_008767275.1/sequence_report.jsonl",
      "fileType": "SEQUENCE_REPORT"
    }
  ]
},{
  "accession": "GCA_008785685.1",
  "files": [
    {
      "filePath": "GCA_008785685.1/GCA_008785685.1_ASM878568v1_genomic.fna",
      "fileType": "GENOMIC_NUCLEOTIDE_FASTA"
    },
    {
      "filePath": "GCA_008785685.1/sequence_report.jsonl",
      "fileType": "SEQUENCE_REPORT"
    }
  ]
},{
  "accession": "GCA_008785985.1",
  "files": [
    {
      "filePath": "GCA_008785985.1/GCA_008785985.1_ASM878598v1_genomic.fna",
      "fileType": "GENOMIC_NUCLEOTIDE_FASTA"
    },
    {
      "filePath": "GCA_008785985.1/sequence_report.jsonl",
      "fileType": "SEQUENCE_REPORT"
    }
  ]
},{
  "accession": "GCA_008787065.1",
  "files": [
    {
      "filePath": "GCA_008787065.1/GCA_008787065.1_ASM878706v1_genomic.fna",
      "fileType": "GENOMIC_NUCLEOTIDE_FASTA"
    },
    {
      "filePath": "GCA_008787065.1/sequence_report.jsonl",
      "fileType": "SEQUENCE_REPORT"
    }
  ]
},{
  "accession": "GCA_008787125.1",
  "files": [
    {
      "filePath": "GCA_008787125.1/GCA_008787125.1_ASM878712v1_genomic.fna",
      "fileType": "GENOMIC_NUCLEOTIDE_FASTA"
    },
    {
      "filePath": "GCA_008787125.1/sequence_report.jsonl",
      "fileType": "SEQUENCE_REPORT"
    }
  ]
},{
  "accession": "GCA_008787185.1",
  "files": [
    {
      "filePath": "GCA_008787185.1/GCA_008787185.1_ASM878718v1_genomic.fna",
      "fileType": "GENOMIC_NUCLEOTIDE_FASTA"
    },
    {
      "filePath": "GCA_008787185.1/sequence_report.jsonl",
      "fileType": "SEQUENCE_REPORT"
    }
  ]
},{
  "accession": "GCA_008791775.1",
  "files": [
    {
      "filePath": "GCA_008791775.1/GCA_008791775.1_ASM879177v1_genomic.fna",
      "fileType": "GENOMIC_NUCLEOTIDE_FASTA"
    },
    {
      "filePath": "GCA_008791775.1/sequence_report.jsonl",
      "fileType": "SEQUENCE_REPORT"
    }
  ]
},{
  "accession": "GCA_008791825.1",
  "files": [
    {
      "filePath": "GCA_008791825.1/GCA_008791825.1_ASM879182v1_genomic.fna",
      "fileType": "GENOMIC_NUCLEOTIDE_FASTA"
    },
    {
      "filePath": "GCA_008791825.1/sequence_report.jsonl",
      "fileType": "SEQUENCE_REPORT"
    }
  ]
},{
  "accession": "GCA_008792225.1",
  "files": [
    {
      "filePath": "GCA_008792225.1/GCA_008792225.1_ASM879222v1_genomic.fna",
      "fileType": "GENOMIC_NUCLEOTIDE_FASTA"
    },
    {
      "filePath": "GCA_008792225.1/sequence_report.jsonl",
      "fileType": "SEQUENCE_REPORT"
    }
  ]
},{
  "accession": "GCA_008792925.1",
  "files": [
    {
      "filePath": "GCA_008792925.1/GCA_008792925.1_ASM879292v1_genomic.fna",
      "fileType": "GENOMIC_NUCLEOTIDE_FASTA"
    },
    {
      "filePath": "GCA_008792925.1/sequence_report.jsonl",
      "fileType": "SEQUENCE_REPORT"
    }
  ]
},{
  "accession": "GCA_008796045.1",
  "files": [
    {
      "filePath": "GCA_008796045.1/GCA_008796045.1_ASM879604v1_genomic.fna",
      "fileType": "GENOMIC_NUCLEOTIDE_FASTA"
    },
    {
      "filePath": "GCA_008796045.1/sequence_report.jsonl",
      "fileType": "SEQUENCE_REPORT"
    }
  ]
},{
  "accession": "GCA_008796065.1",
  "files": [
    {
      "filePath": "GCA_008796065.1/GCA_008796065.1_ASM879606v1_genomic.fna",
      "fileType": "GENOMIC_NUCLEOTIDE_FASTA"
    },
    {
      "filePath": "GCA_008796065.1/sequence_report.jsonl",
      "fileType": "SEQUENCE_REPORT"
    }
  ]
},{
  "accession": "GCA_008796085.1",
  "files": [
    {
      "filePath": "GCA_008796085.1/GCA_008796085.1_ASM879608v1_genomic.fna",
      "fileType": "GENOMIC_NUCLEOTIDE_FASTA"
    },
    {
      "filePath": "GCA_008796085.1/sequence_report.jsonl",
      "fileType": "SEQUENCE_REPORT"
    }
  ]
},{
  "accession": "GCA_008796105.1",
  "files": [
    {
      "filePath": "GCA_008796105.1/GCA_008796105.1_ASM879610v1_genomic.fna",
      "fileType": "GENOMIC_NUCLEOTIDE_FASTA"
    },
    {
      "filePath": "GCA_008796105.1/sequence_report.jsonl",
      "fileType": "SEQUENCE_REPORT"
    }
  ]
},{
  "accession": "GCA_008796125.1",
  "files": [
    {
      "filePath": "GCA_008796125.1/GCA_008796125.1_ASM879612v1_genomic.fna",
      "fileType": "GENOMIC_NUCLEOTIDE_FASTA"
    },
    {
      "filePath": "GCA_008796125.1/sequence_report.jsonl",
      "fileType": "SEQUENCE_REPORT"
    }
  ]
},{
  "accession": "GCA_008796145.1",
  "files": [
    {
      "filePath": "GCA_008796145.1/GCA_008796145.1_ASM879614v1_genomic.fna",
      "fileType": "GENOMIC_NUCLEOTIDE_FASTA"
    },
    {
      "filePath": "GCA_008796145.1/sequence_report.jsonl",
      "fileType": "SEQUENCE_REPORT"
    }
  ]
},{
  "accession": "GCA_008796165.1",
  "files": [
    {
      "filePath": "GCA_008796165.1/GCA_008796165.1_ASM879616v1_genomic.fna",
      "fileType": "GENOMIC_NUCLEOTIDE_FASTA"
    },
    {
      "filePath": "GCA_008796165.1/sequence_report.jsonl",
      "fileType": "SEQUENCE_REPORT"
    }
  ]
},{
  "accession": "GCA_008796185.1",
  "files": [
    {
      "filePath": "GCA_008796185.1/GCA_008796185.1_ASM879618v1_genomic.fna",
      "fileType": "GENOMIC_NUCLEOTIDE_FASTA"
    },
    {
      "filePath": "GCA_008796185.1/sequence_report.jsonl",
      "fileType": "SEQUENCE_REPORT"
    }
  ]
},{
  "accession": "GCA_008796205.1",
  "files": [
    {
      "filePath": "GCA_008796205.1/GCA_008796205.1_ASM879620v1_genomic.fna",
      "fileType": "GENOMIC_NUCLEOTIDE_FASTA"
    },
    {
      "filePath": "GCA_008796205.1/sequence_report.jsonl",
      "fileType": "SEQUENCE_REPORT"
    }
  ]
},{
  "accession": "GCA_008796225.1",
  "files": [
    {
      "filePath": "GCA_008796225.1/GCA_008796225.1_ASM879622v1_genomic.fna",
      "fileType": "GENOMIC_NUCLEOTIDE_FASTA"
    },
    {
      "filePath": "GCA_008796225.1/sequence_report.jsonl",
      "fileType": "SEQUENCE_REPORT"
    }
  ]
},{
  "accession": "GCA_008796245.1",
  "files": [
    {
      "filePath": "GCA_008796245.1/GCA_008796245.1_ASM879624v1_genomic.fna",
      "fileType": "GENOMIC_NUCLEOTIDE_FASTA"
    },
    {
      "filePath": "GCA_008796245.1/sequence_report.jsonl",
      "fileType": "SEQUENCE_REPORT"
    }
  ]
},{
  "accession": "GCA_008796265.1",
  "files": [
    {
      "filePath": "GCA_008796265.1/GCA_008796265.1_ASM879626v1_genomic.fna",
      "fileType": "GENOMIC_NUCLEOTIDE_FASTA"
    },
    {
      "filePath": "GCA_008796265.1/sequence_report.jsonl",
      "fileType": "SEQUENCE_REPORT"
    }
  ]
},{
  "accession": "GCA_008796285.1",
  "files": [
    {
      "filePath": "GCA_008796285.1/GCA_008796285.1_ASM879628v1_genomic.fna",
      "fileType": "GENOMIC_NUCLEOTIDE_FASTA"
    },
    {
      "filePath": "GCA_008796285.1/sequence_report.jsonl",
      "fileType": "SEQUENCE_REPORT"
    }
  ]
},{
  "accession": "GCA_008796305.1",
  "files": [
    {
      "filePath": "GCA_008796305.1/GCA_008796305.1_ASM879630v1_genomic.fna",
      "fileType": "GENOMIC_NUCLEOTIDE_FASTA"
    },
    {
      "filePath": "GCA_008796305.1/sequence_report.jsonl",
      "fileType": "SEQUENCE_REPORT"
    }
  ]
},{
  "accession": "GCA_008796325.1",
  "files": [
    {
      "filePath": "GCA_008796325.1/GCA_008796325.1_ASM879632v1_genomic.fna",
      "fileType": "GENOMIC_NUCLEOTIDE_FASTA"
    },
    {
      "filePath": "GCA_008796325.1/sequence_report.jsonl",
      "fileType": "SEQUENCE_REPORT"
    }
  ]
},{
  "accession": "GCA_008796345.1",
  "files": [
    {
      "filePath": "GCA_008796345.1/GCA_008796345.1_ASM879634v1_genomic.fna",
      "fileType": "GENOMIC_NUCLEOTIDE_FASTA"
    },
    {
      "filePath": "GCA_008796345.1/sequence_report.jsonl",
      "fileType": "SEQUENCE_REPORT"
    }
  ]
},{
  "accession": "GCA_008796365.1",
  "files": [
    {
      "filePath": "GCA_008796365.1/GCA_008796365.1_ASM879636v1_genomic.fna",
      "fileType": "GENOMIC_NUCLEOTIDE_FASTA"
    },
    {
      "filePath": "GCA_008796365.1/sequence_report.jsonl",
      "fileType": "SEQUENCE_REPORT"
    }
  ]
},{
  "accession": "GCA_008796385.1",
  "files": [
    {
      "filePath": "GCA_008796385.1/GCA_008796385.1_ASM879638v1_genomic.fna",
      "fileType": "GENOMIC_NUCLEOTIDE_FASTA"
    },
    {
      "filePath": "GCA_008796385.1/sequence_report.jsonl",
      "fileType": "SEQUENCE_REPORT"
    }
  ]
},{
  "accession": "GCA_008796405.1",
  "files": [
    {
      "filePath": "GCA_008796405.1/GCA_008796405.1_ASM879640v1_genomic.fna",
      "fileType": "GENOMIC_NUCLEOTIDE_FASTA"
    },
    {
      "filePath": "GCA_008796405.1/sequence_report.jsonl",
      "fileType": "SEQUENCE_REPORT"
    }
  ]
},{
  "accession": "GCA_008796425.1",
  "files": [
    {
      "filePath": "GCA_008796425.1/GCA_008796425.1_ASM879642v1_genomic.fna",
      "fileType": "GENOMIC_NUCLEOTIDE_FASTA"
    },
    {
      "filePath": "GCA_008796425.1/sequence_report.jsonl",
      "fileType": "SEQUENCE_REPORT"
    }
  ]
},{
  "accession": "GCA_008796445.1",
  "files": [
    {
      "filePath": "GCA_008796445.1/GCA_008796445.1_ASM879644v1_genomic.fna",
      "fileType": "GENOMIC_NUCLEOTIDE_FASTA"
    },
    {
      "filePath": "GCA_008796445.1/sequence_report.jsonl",
      "fileType": "SEQUENCE_REPORT"
    }
  ]
},{
  "accession": "GCA_008796465.1",
  "files": [
    {
      "filePath": "GCA_008796465.1/GCA_008796465.1_ASM879646v1_genomic.fna",
      "fileType": "GENOMIC_NUCLEOTIDE_FASTA"
    },
    {
      "filePath": "GCA_008796465.1/sequence_report.jsonl",
      "fileType": "SEQUENCE_REPORT"
    }
  ]
},{
  "accession": "GCA_008796485.1",
  "files": [
    {
      "filePath": "GCA_008796485.1/GCA_008796485.1_ASM879648v1_genomic.fna",
      "fileType": "GENOMIC_NUCLEOTIDE_FASTA"
    },
    {
      "filePath": "GCA_008796485.1/sequence_report.jsonl",
      "fileType": "SEQUENCE_REPORT"
    }
  ]
},{
  "accession": "GCA_008796505.1",
  "files": [
    {
      "filePath": "GCA_008796505.1/GCA_008796505.1_ASM879650v1_genomic.fna",
      "fileType": "GENOMIC_NUCLEOTIDE_FASTA"
    },
    {
      "filePath": "GCA_008796505.1/sequence_report.jsonl",
      "fileType": "SEQUENCE_REPORT"
    }
  ]
},{
  "accession": "GCA_008796525.1",
  "files": [
    {
      "filePath": "GCA_008796525.1/GCA_008796525.1_ASM879652v1_genomic.fna",
      "fileType": "GENOMIC_NUCLEOTIDE_FASTA"
    },
    {
      "filePath": "GCA_008796525.1/sequence_report.jsonl",
      "fileType": "SEQUENCE_REPORT"
    }
  ]
},{
  "accession": "GCA_008796545.1",
  "files": [
    {
      "filePath": "GCA_008796545.1/GCA_008796545.1_ASM879654v1_genomic.fna",
      "fileType": "GENOMIC_NUCLEOTIDE_FASTA"
    },
    {
      "filePath": "GCA_008796545.1/sequence_report.jsonl",
      "fileType": "SEQUENCE_REPORT"
    }
  ]
},{
  "accession": "GCA_008796565.1",
  "files": [
    {
      "filePath": "GCA_008796565.1/GCA_008796565.1_ASM879656v1_genomic.fna",
      "fileType": "GENOMIC_NUCLEOTIDE_FASTA"
    },
    {
      "filePath": "GCA_008796565.1/sequence_report.jsonl",
      "fileType": "SEQUENCE_REPORT"
    }
  ]
},{
  "accession": "GCA_008796585.1",
  "files": [
    {
      "filePath": "GCA_008796585.1/GCA_008796585.1_ASM879658v1_genomic.fna",
      "fileType": "GENOMIC_NUCLEOTIDE_FASTA"
    },
    {
      "filePath": "GCA_008796585.1/sequence_report.jsonl",
      "fileType": "SEQUENCE_REPORT"
    }
  ]
},{
  "accession": "GCA_008796605.1",
  "files": [
    {
      "filePath": "GCA_008796605.1/GCA_008796605.1_ASM879660v1_genomic.fna",
      "fileType": "GENOMIC_NUCLEOTIDE_FASTA"
    },
    {
      "filePath": "GCA_008796605.1/sequence_report.jsonl",
      "fileType": "SEQUENCE_REPORT"
    }
  ]
},{
  "accession": "GCA_008796625.1",
  "files": [
    {
      "filePath": "GCA_008796625.1/GCA_008796625.1_ASM879662v1_genomic.fna",
      "fileType": "GENOMIC_NUCLEOTIDE_FASTA"
    },
    {
      "filePath": "GCA_008796625.1/sequence_report.jsonl",
      "fileType": "SEQUENCE_REPORT"
    }
  ]
},{
  "accession": "GCA_008796645.1",
  "files": [
    {
      "filePath": "GCA_008796645.1/GCA_008796645.1_ASM879664v1_genomic.fna",
      "fileType": "GENOMIC_NUCLEOTIDE_FASTA"
    },
    {
      "filePath": "GCA_008796645.1/sequence_report.jsonl",
      "fileType": "SEQUENCE_REPORT"
    }
  ]
},{
  "accession": "GCA_008796665.1",
  "files": [
    {
      "filePath": "GCA_008796665.1/GCA_008796665.1_ASM879666v1_genomic.fna",
      "fileType": "GENOMIC_NUCLEOTIDE_FASTA"
    },
    {
      "filePath": "GCA_008796665.1/sequence_report.jsonl",
      "fileType": "SEQUENCE_REPORT"
    }
  ]
},{
  "accession": "GCA_008796685.1",
  "files": [
    {
      "filePath": "GCA_008796685.1/GCA_008796685.1_ASM879668v1_genomic.fna",
      "fileType": "GENOMIC_NUCLEOTIDE_FASTA"
    },
    {
      "filePath": "GCA_008796685.1/sequence_report.jsonl",
      "fileType": "SEQUENCE_REPORT"
    }
  ]
},{
  "accession": "GCA_008796705.1",
  "files": [
    {
      "filePath": "GCA_008796705.1/GCA_008796705.1_ASM879670v1_genomic.fna",
      "fileType": "GENOMIC_NUCLEOTIDE_FASTA"
    },
    {
      "filePath": "GCA_008796705.1/sequence_report.jsonl",
      "fileType": "SEQUENCE_REPORT"
    }
  ]
},{
  "accession": "GCA_008796725.1",
  "files": [
    {
      "filePath": "GCA_008796725.1/GCA_008796725.1_ASM879672v1_genomic.fna",
      "fileType": "GENOMIC_NUCLEOTIDE_FASTA"
    },
    {
      "filePath": "GCA_008796725.1/sequence_report.jsonl",
      "fileType": "SEQUENCE_REPORT"
    }
  ]
},{
  "accession": "GCA_008796745.1",
  "files": [
    {
      "filePath": "GCA_008796745.1/GCA_008796745.1_ASM879674v1_genomic.fna",
      "fileType": "GENOMIC_NUCLEOTIDE_FASTA"
    },
    {
      "filePath": "GCA_008796745.1/sequence_report.jsonl",
      "fileType": "SEQUENCE_REPORT"
    }
  ]
},{
  "accession": "GCA_008796765.1",
  "files": [
    {
      "filePath": "GCA_008796765.1/GCA_008796765.1_ASM879676v1_genomic.fna",
      "fileType": "GENOMIC_NUCLEOTIDE_FASTA"
    },
    {
      "filePath": "GCA_008796765.1/sequence_report.jsonl",
      "fileType": "SEQUENCE_REPORT"
    }
  ]
},{
  "accession": "GCA_008796785.1",
  "files": [
    {
      "filePath": "GCA_008796785.1/GCA_008796785.1_ASM879678v1_genomic.fna",
      "fileType": "GENOMIC_NUCLEOTIDE_FASTA"
    },
    {
      "filePath": "GCA_008796785.1/sequence_report.jsonl",
      "fileType": "SEQUENCE_REPORT"
    }
  ]
},{
  "accession": "GCA_008796805.1",
  "files": [
    {
      "filePath": "GCA_008796805.1/GCA_008796805.1_ASM879680v1_genomic.fna",
      "fileType": "GENOMIC_NUCLEOTIDE_FASTA"
    },
    {
      "filePath": "GCA_008796805.1/sequence_report.jsonl",
      "fileType": "SEQUENCE_REPORT"
    }
  ]
},{
  "accession": "GCA_008796825.1",
  "files": [
    {
      "filePath": "GCA_008796825.1/GCA_008796825.1_ASM879682v1_genomic.fna",
      "fileType": "GENOMIC_NUCLEOTIDE_FASTA"
    },
    {
      "filePath": "GCA_008796825.1/sequence_report.jsonl",
      "fileType": "SEQUENCE_REPORT"
    }
  ]
},{
  "accession": "GCA_008796845.1",
  "files": [
    {
      "filePath": "GCA_008796845.1/GCA_008796845.1_ASM879684v1_genomic.fna",
      "fileType": "GENOMIC_NUCLEOTIDE_FASTA"
    },
    {
      "filePath": "GCA_008796845.1/sequence_report.jsonl",
      "fileType": "SEQUENCE_REPORT"
    }
  ]
},{
  "accession": "GCA_008796865.1",
  "files": [
    {
      "filePath": "GCA_008796865.1/GCA_008796865.1_ASM879686v1_genomic.fna",
      "fileType": "GENOMIC_NUCLEOTIDE_FASTA"
    },
    {
      "filePath": "GCA_008796865.1/sequence_report.jsonl",
      "fileType": "SEQUENCE_REPORT"
    }
  ]
},{
  "accession": "GCA_008796885.1",
  "files": [
    {
      "filePath": "GCA_008796885.1/GCA_008796885.1_ASM879688v1_genomic.fna",
      "fileType": "GENOMIC_NUCLEOTIDE_FASTA"
    },
    {
      "filePath": "GCA_008796885.1/sequence_report.jsonl",
      "fileType": "SEQUENCE_REPORT"
    }
  ]
},{
  "accession": "GCA_008796905.1",
  "files": [
    {
      "filePath": "GCA_008796905.1/GCA_008796905.1_ASM879690v1_genomic.fna",
      "fileType": "GENOMIC_NUCLEOTIDE_FASTA"
    },
    {
      "filePath": "GCA_008796905.1/sequence_report.jsonl",
      "fileType": "SEQUENCE_REPORT"
    }
  ]
},{
  "accession": "GCA_008796925.1",
  "files": [
    {
      "filePath": "GCA_008796925.1/GCA_008796925.1_ASM879692v1_genomic.fna",
      "fileType": "GENOMIC_NUCLEOTIDE_FASTA"
    },
    {
      "filePath": "GCA_008796925.1/sequence_report.jsonl",
      "fileType": "SEQUENCE_REPORT"
    }
  ]
},{
  "accession": "GCA_008796945.1",
  "files": [
    {
      "filePath": "GCA_008796945.1/GCA_008796945.1_ASM879694v1_genomic.fna",
      "fileType": "GENOMIC_NUCLEOTIDE_FASTA"
    },
    {
      "filePath": "GCA_008796945.1/sequence_report.jsonl",
      "fileType": "SEQUENCE_REPORT"
    }
  ]
},{
  "accession": "GCA_008796965.1",
  "files": [
    {
      "filePath": "GCA_008796965.1/GCA_008796965.1_ASM879696v1_genomic.fna",
      "fileType": "GENOMIC_NUCLEOTIDE_FASTA"
    },
    {
      "filePath": "GCA_008796965.1/sequence_report.jsonl",
      "fileType": "SEQUENCE_REPORT"
    }
  ]
},{
  "accession": "GCA_008796985.1",
  "files": [
    {
      "filePath": "GCA_008796985.1/GCA_008796985.1_ASM879698v1_genomic.fna",
      "fileType": "GENOMIC_NUCLEOTIDE_FASTA"
    },
    {
      "filePath": "GCA_008796985.1/sequence_report.jsonl",
      "fileType": "SEQUENCE_REPORT"
    }
  ]
},{
  "accession": "GCA_008797035.1",
  "files": [
    {
      "filePath": "GCA_008797035.1/GCA_008797035.1_ASM879703v1_genomic.fna",
      "fileType": "GENOMIC_NUCLEOTIDE_FASTA"
    },
    {
      "filePath": "GCA_008797035.1/sequence_report.jsonl",
      "fileType": "SEQUENCE_REPORT"
    }
  ]
},{
  "accession": "GCA_008797055.1",
  "files": [
    {
      "filePath": "GCA_008797055.1/GCA_008797055.1_ASM879705v1_genomic.fna",
      "fileType": "GENOMIC_NUCLEOTIDE_FASTA"
    },
    {
      "filePath": "GCA_008797055.1/sequence_report.jsonl",
      "fileType": "SEQUENCE_REPORT"
    }
  ]
},{
  "accession": "GCA_008797075.1",
  "files": [
    {
      "filePath": "GCA_008797075.1/GCA_008797075.1_ASM879707v1_genomic.fna",
      "fileType": "GENOMIC_NUCLEOTIDE_FASTA"
    },
    {
      "filePath": "GCA_008797075.1/sequence_report.jsonl",
      "fileType": "SEQUENCE_REPORT"
    }
  ]
},{
  "accession": "GCA_008797095.1",
  "files": [
    {
      "filePath": "GCA_008797095.1/GCA_008797095.1_ASM879709v1_genomic.fna",
      "fileType": "GENOMIC_NUCLEOTIDE_FASTA"
    },
    {
      "filePath": "GCA_008797095.1/sequence_report.jsonl",
      "fileType": "SEQUENCE_REPORT"
    }
  ]
},{
  "accession": "GCA_008797115.1",
  "files": [
    {
      "filePath": "GCA_008797115.1/GCA_008797115.1_ASM879711v1_genomic.fna",
      "fileType": "GENOMIC_NUCLEOTIDE_FASTA"
    },
    {
      "filePath": "GCA_008797115.1/sequence_report.jsonl",
      "fileType": "SEQUENCE_REPORT"
    }
  ]
},{
  "accession": "GCA_008797135.1",
  "files": [
    {
      "filePath": "GCA_008797135.1/GCA_008797135.1_ASM879713v1_genomic.fna",
      "fileType": "GENOMIC_NUCLEOTIDE_FASTA"
    },
    {
      "filePath": "GCA_008797135.1/sequence_report.jsonl",
      "fileType": "SEQUENCE_REPORT"
    }
  ]
},{
  "accession": "GCA_008797155.1",
  "files": [
    {
      "filePath": "GCA_008797155.1/GCA_008797155.1_ASM879715v1_genomic.fna",
      "fileType": "GENOMIC_NUCLEOTIDE_FASTA"
    },
    {
      "filePath": "GCA_008797155.1/sequence_report.jsonl",
      "fileType": "SEQUENCE_REPORT"
    }
  ]
},{
  "accession": "GCA_008797555.1",
  "files": [
    {
      "filePath": "GCA_008797555.1/GCA_008797555.1_ASM879755v1_genomic.fna",
      "fileType": "GENOMIC_NUCLEOTIDE_FASTA"
    },
    {
      "filePath": "GCA_008797555.1/sequence_report.jsonl",
      "fileType": "SEQUENCE_REPORT"
    }
  ]
},{
  "accession": "GCA_008797575.1",
  "files": [
    {
      "filePath": "GCA_008797575.1/GCA_008797575.1_ASM879757v1_genomic.fna",
      "fileType": "GENOMIC_NUCLEOTIDE_FASTA"
    },
    {
      "filePath": "GCA_008797575.1/sequence_report.jsonl",
      "fileType": "SEQUENCE_REPORT"
    }
  ]
},{
  "accession": "GCA_008797595.1",
  "files": [
    {
      "filePath": "GCA_008797595.1/GCA_008797595.1_ASM879759v1_genomic.fna",
      "fileType": "GENOMIC_NUCLEOTIDE_FASTA"
    },
    {
      "filePath": "GCA_008797595.1/sequence_report.jsonl",
      "fileType": "SEQUENCE_REPORT"
    }
  ]
},{
  "accession": "GCA_008797615.1",
  "files": [
    {
      "filePath": "GCA_008797615.1/GCA_008797615.1_ASM879761v1_genomic.fna",
      "fileType": "GENOMIC_NUCLEOTIDE_FASTA"
    },
    {
      "filePath": "GCA_008797615.1/sequence_report.jsonl",
      "fileType": "SEQUENCE_REPORT"
    }
  ]
},{
  "accession": "GCA_008797635.1",
  "files": [
    {
      "filePath": "GCA_008797635.1/GCA_008797635.1_ASM879763v1_genomic.fna",
      "fileType": "GENOMIC_NUCLEOTIDE_FASTA"
    },
    {
      "filePath": "GCA_008797635.1/sequence_report.jsonl",
      "fileType": "SEQUENCE_REPORT"
    }
  ]
},{
  "accession": "GCA_008797655.1",
  "files": [
    {
      "filePath": "GCA_008797655.1/GCA_008797655.1_ASM879765v1_genomic.fna",
      "fileType": "GENOMIC_NUCLEOTIDE_FASTA"
    },
    {
      "filePath": "GCA_008797655.1/sequence_report.jsonl",
      "fileType": "SEQUENCE_REPORT"
    }
  ]
},{
  "accession": "GCA_008797675.1",
  "files": [
    {
      "filePath": "GCA_008797675.1/GCA_008797675.1_ASM879767v1_genomic.fna",
      "fileType": "GENOMIC_NUCLEOTIDE_FASTA"
    },
    {
      "filePath": "GCA_008797675.1/sequence_report.jsonl",
      "fileType": "SEQUENCE_REPORT"
    }
  ]
},{
  "accession": "GCA_008797695.1",
  "files": [
    {
      "filePath": "GCA_008797695.1/GCA_008797695.1_ASM879769v1_genomic.fna",
      "fileType": "GENOMIC_NUCLEOTIDE_FASTA"
    },
    {
      "filePath": "GCA_008797695.1/sequence_report.jsonl",
      "fileType": "SEQUENCE_REPORT"
    }
  ]
},{
  "accession": "GCA_008797715.1",
  "files": [
    {
      "filePath": "GCA_008797715.1/GCA_008797715.1_ASM879771v1_genomic.fna",
      "fileType": "GENOMIC_NUCLEOTIDE_FASTA"
    },
    {
      "filePath": "GCA_008797715.1/sequence_report.jsonl",
      "fileType": "SEQUENCE_REPORT"
    }
  ]
},{
  "accession": "GCA_008797935.1",
  "files": [
    {
      "filePath": "GCA_008797935.1/GCA_008797935.1_ASM879793v1_genomic.fna",
      "fileType": "GENOMIC_NUCLEOTIDE_FASTA"
    },
    {
      "filePath": "GCA_008797935.1/sequence_report.jsonl",
      "fileType": "SEQUENCE_REPORT"
    }
  ]
},{
  "accession": "GCA_008797955.1",
  "files": [
    {
      "filePath": "GCA_008797955.1/GCA_008797955.1_ASM879795v1_genomic.fna",
      "fileType": "GENOMIC_NUCLEOTIDE_FASTA"
    },
    {
      "filePath": "GCA_008797955.1/sequence_report.jsonl",
      "fileType": "SEQUENCE_REPORT"
    }
  ]
},{
  "accession": "GCA_008797975.1",
  "files": [
    {
      "filePath": "GCA_008797975.1/GCA_008797975.1_ASM879797v1_genomic.fna",
      "fileType": "GENOMIC_NUCLEOTIDE_FASTA"
    },
    {
      "filePath": "GCA_008797975.1/sequence_report.jsonl",
      "fileType": "SEQUENCE_REPORT"
    }
  ]
},{
  "accession": "GCA_008797995.1",
  "files": [
    {
      "filePath": "GCA_008797995.1/GCA_008797995.1_ASM879799v1_genomic.fna",
      "fileType": "GENOMIC_NUCLEOTIDE_FASTA"
    },
    {
      "filePath": "GCA_008797995.1/sequence_report.jsonl",
      "fileType": "SEQUENCE_REPORT"
    }
  ]
},{
  "accession": "GCA_008798015.1",
  "files": [
    {
      "filePath": "GCA_008798015.1/GCA_008798015.1_ASM879801v1_genomic.fna",
      "fileType": "GENOMIC_NUCLEOTIDE_FASTA"
    },
    {
      "filePath": "GCA_008798015.1/sequence_report.jsonl",
      "fileType": "SEQUENCE_REPORT"
    }
  ]
},{
  "accession": "GCA_008798035.1",
  "files": [
    {
      "filePath": "GCA_008798035.1/GCA_008798035.1_ASM879803v1_genomic.fna",
      "fileType": "GENOMIC_NUCLEOTIDE_FASTA"
    },
    {
      "filePath": "GCA_008798035.1/sequence_report.jsonl",
      "fileType": "SEQUENCE_REPORT"
    }
  ]
},{
  "accession": "GCA_008798055.1",
  "files": [
    {
      "filePath": "GCA_008798055.1/GCA_008798055.1_ASM879805v1_genomic.fna",
      "fileType": "GENOMIC_NUCLEOTIDE_FASTA"
    },
    {
      "filePath": "GCA_008798055.1/sequence_report.jsonl",
      "fileType": "SEQUENCE_REPORT"
    }
  ]
},{
  "accession": "GCA_008798075.1",
  "files": [
    {
      "filePath": "GCA_008798075.1/GCA_008798075.1_ASM879807v1_genomic.fna",
      "fileType": "GENOMIC_NUCLEOTIDE_FASTA"
    },
    {
      "filePath": "GCA_008798075.1/sequence_report.jsonl",
      "fileType": "SEQUENCE_REPORT"
    }
  ]
},{
  "accession": "GCA_008798095.1",
  "files": [
    {
      "filePath": "GCA_008798095.1/GCA_008798095.1_ASM879809v1_genomic.fna",
      "fileType": "GENOMIC_NUCLEOTIDE_FASTA"
    },
    {
      "filePath": "GCA_008798095.1/sequence_report.jsonl",
      "fileType": "SEQUENCE_REPORT"
    }
  ]
},{
  "accession": "GCA_008798115.1",
  "files": [
    {
      "filePath": "GCA_008798115.1/GCA_008798115.1_ASM879811v1_genomic.fna",
      "fileType": "GENOMIC_NUCLEOTIDE_FASTA"
    },
    {
      "filePath": "GCA_008798115.1/sequence_report.jsonl",
      "fileType": "SEQUENCE_REPORT"
    }
  ]
},{
  "accession": "GCA_008798135.1",
  "files": [
    {
      "filePath": "GCA_008798135.1/GCA_008798135.1_ASM879813v1_genomic.fna",
      "fileType": "GENOMIC_NUCLEOTIDE_FASTA"
    },
    {
      "filePath": "GCA_008798135.1/sequence_report.jsonl",
      "fileType": "SEQUENCE_REPORT"
    }
  ]
},{
  "accession": "GCA_008798155.1",
  "files": [
    {
      "filePath": "GCA_008798155.1/GCA_008798155.1_ASM879815v1_genomic.fna",
      "fileType": "GENOMIC_NUCLEOTIDE_FASTA"
    },
    {
      "filePath": "GCA_008798155.1/sequence_report.jsonl",
      "fileType": "SEQUENCE_REPORT"
    }
  ]
},{
  "accession": "GCA_008798175.1",
  "files": [
    {
      "filePath": "GCA_008798175.1/GCA_008798175.1_ASM879817v1_genomic.fna",
      "fileType": "GENOMIC_NUCLEOTIDE_FASTA"
    },
    {
      "filePath": "GCA_008798175.1/sequence_report.jsonl",
      "fileType": "SEQUENCE_REPORT"
    }
  ]
},{
  "accession": "GCA_008798195.1",
  "files": [
    {
      "filePath": "GCA_008798195.1/GCA_008798195.1_ASM879819v1_genomic.fna",
      "fileType": "GENOMIC_NUCLEOTIDE_FASTA"
    },
    {
      "filePath": "GCA_008798195.1/sequence_report.jsonl",
      "fileType": "SEQUENCE_REPORT"
    }
  ]
},{
  "accession": "GCA_008798215.1",
  "files": [
    {
      "filePath": "GCA_008798215.1/GCA_008798215.1_ASM879821v1_genomic.fna",
      "fileType": "GENOMIC_NUCLEOTIDE_FASTA"
    },
    {
      "filePath": "GCA_008798215.1/sequence_report.jsonl",
      "fileType": "SEQUENCE_REPORT"
    }
  ]
},{
  "accession": "GCA_008798235.1",
  "files": [
    {
      "filePath": "GCA_008798235.1/GCA_008798235.1_ASM879823v1_genomic.fna",
      "fileType": "GENOMIC_NUCLEOTIDE_FASTA"
    },
    {
      "filePath": "GCA_008798235.1/sequence_report.jsonl",
      "fileType": "SEQUENCE_REPORT"
    }
  ]
},{
  "accession": "GCA_008798255.1",
  "files": [
    {
      "filePath": "GCA_008798255.1/GCA_008798255.1_ASM879825v1_genomic.fna",
      "fileType": "GENOMIC_NUCLEOTIDE_FASTA"
    },
    {
      "filePath": "GCA_008798255.1/sequence_report.jsonl",
      "fileType": "SEQUENCE_REPORT"
    }
  ]
},{
  "accession": "GCA_008798275.1",
  "files": [
    {
      "filePath": "GCA_008798275.1/GCA_008798275.1_ASM879827v1_genomic.fna",
      "fileType": "GENOMIC_NUCLEOTIDE_FASTA"
    },
    {
      "filePath": "GCA_008798275.1/sequence_report.jsonl",
      "fileType": "SEQUENCE_REPORT"
    }
  ]
},{
  "accession": "GCA_008798295.1",
  "files": [
    {
      "filePath": "GCA_008798295.1/GCA_008798295.1_ASM879829v1_genomic.fna",
      "fileType": "GENOMIC_NUCLEOTIDE_FASTA"
    },
    {
      "filePath": "GCA_008798295.1/sequence_report.jsonl",
      "fileType": "SEQUENCE_REPORT"
    }
  ]
},{
  "accession": "GCA_008798315.1",
  "files": [
    {
      "filePath": "GCA_008798315.1/GCA_008798315.1_ASM879831v1_genomic.fna",
      "fileType": "GENOMIC_NUCLEOTIDE_FASTA"
    },
    {
      "filePath": "GCA_008798315.1/sequence_report.jsonl",
      "fileType": "SEQUENCE_REPORT"
    }
  ]
},{
  "accession": "GCA_008798335.1",
  "files": [
    {
      "filePath": "GCA_008798335.1/GCA_008798335.1_ASM879833v1_genomic.fna",
      "fileType": "GENOMIC_NUCLEOTIDE_FASTA"
    },
    {
      "filePath": "GCA_008798335.1/sequence_report.jsonl",
      "fileType": "SEQUENCE_REPORT"
    }
  ]
},{
  "accession": "GCA_008798355.1",
  "files": [
    {
      "filePath": "GCA_008798355.1/GCA_008798355.1_ASM879835v1_genomic.fna",
      "fileType": "GENOMIC_NUCLEOTIDE_FASTA"
    },
    {
      "filePath": "GCA_008798355.1/sequence_report.jsonl",
      "fileType": "SEQUENCE_REPORT"
    }
  ]
},{
  "accession": "GCA_008798375.1",
  "files": [
    {
      "filePath": "GCA_008798375.1/GCA_008798375.1_ASM879837v1_genomic.fna",
      "fileType": "GENOMIC_NUCLEOTIDE_FASTA"
    },
    {
      "filePath": "GCA_008798375.1/sequence_report.jsonl",
      "fileType": "SEQUENCE_REPORT"
    }
  ]
},{
  "accession": "GCA_008798395.1",
  "files": [
    {
      "filePath": "GCA_008798395.1/GCA_008798395.1_ASM879839v1_genomic.fna",
      "fileType": "GENOMIC_NUCLEOTIDE_FASTA"
    },
    {
      "filePath": "GCA_008798395.1/sequence_report.jsonl",
      "fileType": "SEQUENCE_REPORT"
    }
  ]
},{
  "accession": "GCA_008798415.1",
  "files": [
    {
      "filePath": "GCA_008798415.1/GCA_008798415.1_ASM879841v1_genomic.fna",
      "fileType": "GENOMIC_NUCLEOTIDE_FASTA"
    },
    {
      "filePath": "GCA_008798415.1/sequence_report.jsonl",
      "fileType": "SEQUENCE_REPORT"
    }
  ]
},{
  "accession": "GCA_008798435.1",
  "files": [
    {
      "filePath": "GCA_008798435.1/GCA_008798435.1_ASM879843v1_genomic.fna",
      "fileType": "GENOMIC_NUCLEOTIDE_FASTA"
    },
    {
      "filePath": "GCA_008798435.1/sequence_report.jsonl",
      "fileType": "SEQUENCE_REPORT"
    }
  ]
},{
  "accession": "GCA_008798635.1",
  "files": [
    {
      "filePath": "GCA_008798635.1/GCA_008798635.1_ASM879863v1_genomic.fna",
      "fileType": "GENOMIC_NUCLEOTIDE_FASTA"
    },
    {
      "filePath": "GCA_008798635.1/sequence_report.jsonl",
      "fileType": "SEQUENCE_REPORT"
    }
  ]
},{
  "accession": "GCA_008798875.1",
  "files": [
    {
      "filePath": "GCA_008798875.1/GCA_008798875.1_ASM879887v1_genomic.fna",
      "fileType": "GENOMIC_NUCLEOTIDE_FASTA"
    },
    {
      "filePath": "GCA_008798875.1/sequence_report.jsonl",
      "fileType": "SEQUENCE_REPORT"
    }
  ]
},{
  "accession": "GCA_013138285.1",
  "files": [
    {
      "filePath": "GCA_013138285.1/GCA_013138285.1_ASM1313828v1_genomic.fna",
      "fileType": "GENOMIC_NUCLEOTIDE_FASTA"
    },
    {
      "filePath": "GCA_013138285.1/sequence_report.jsonl",
      "fileType": "SEQUENCE_REPORT"
    }
  ]
}]}
