Organism Scientific Name	Organism Common Name	Organism Qualifier	Taxonomy id	Assembly Name	Assembly Accession	Source	Annotation	Level	Contig N50	Size	Submission Date	Gene Count	BioProject	BioSample
rhinovirus B14			12131	ViralProj15309	GCA_000861265.1	GenBank		Complete Genome	7212	7212	1993-08-02			
rhinovirus A89			12132	ViralProj15330	GCA_000862245.1	GenBank		Complete Genome	7152	7152	1993-09-22			
rhinovirus A1		strain: ATCC VR-1559	573824	ASM281683v1	GCA_002816835.1	GenBank		Complete Genome	7137	7137	2009-02-13		PRJNA32533	
rhinovirus B3			44130	ASM281685v1	GCA_002816855.1	GenBank		Complete Genome	7208	7208	2007-05-07			
rhinovirus A2			12130	ASM876669v1	GCA_008766695.1	GenBank		Complete Genome	7102	7102	1986-01-28			
rhinovirus A89			12132	ASM876717v1	GCA_008767175.1	GenBank		Complete Genome	7152	7152	1993-08-02			
rhinovirus A16			31708	ASM876727v1	GCA_008767275.1	GenBank		Complete Genome	7124	7124	1993-10-26			
rhinovirus B102			2777138	ASM878568v1	GCA_008785685.1	GenBank		Complete Genome	7189	7189	2012-05-30		PRJNA60025	
rhinovirus A106			2777144	ASM878598v1	GCA_008785985.1	GenBank		Chromosome	2015	7127	2012-03-21		PRJNA60025	
rhinovirus B103			2777139	ASM878706v1	GCA_008787065.1	GenBank		Complete Genome	6899	6899	2011-10-05		PRJNA60025	SAMN00780225
Rhinovirus A			147711	ASM878712v1	GCA_008787125.1	GenBank		Chromosome	4624	6709	2011-10-05		PRJNA60025	
Rhinovirus A			147711	ASM878718v1	GCA_008787185.1	GenBank		Complete Genome	6843	6843	2011-10-05		PRJNA60025	
rhinovirus A103			1033850	ASM879177v1	GCA_008791775.1	GenBank		Complete Genome	7168	7168	2011-06-01			
rhinovirus B101			2777137	ASM879182v1	GCA_008791825.1	GenBank		Complete Genome	6920	6920	2011-05-30		PRJNA60025	SAMN00780211
rhinovirus B100			2777136	ASM879222v1	GCA_008792225.1	GenBank		Complete Genome	6537	6537	2011-01-23			
rhinovirus A101			1219381	ASM879292v1	GCA_008792925.1	GenBank		Complete Genome	7130	7130	2009-12-01		PRJNA32533	
rhinovirus B52			147677	ASM879604v1	GCA_008796045.1	GenBank		Complete Genome	7216	7216	2009-02-13		PRJNA32533	
rhinovirus B27			185900	ASM879606v1	GCA_008796065.1	GenBank		Complete Genome	7217	7217	2009-02-13		PRJNA32533	
rhinovirus A9			185891	ASM879608v1	GCA_008796085.1	GenBank		Complete Genome	7132	7132	2009-02-13		PRJNA32533	
rhinovirus A100			185946	ASM879610v1	GCA_008796105.1	GenBank		Complete Genome	7140	7140	2009-02-13		PRJNA32533	
rhinovirus B99			185945	ASM879612v1	GCA_008796125.1	GenBank		Complete Genome	7208	7208	2009-02-13		PRJNA32533	
rhinovirus B97			167330	ASM879614v1	GCA_008796145.1	GenBank		Complete Genome	7207	7207	2009-02-13		PRJNA32533	
rhinovirus A96			185943	ASM879616v1	GCA_008796165.1	GenBank		Complete Genome	7134	7134	2009-02-13		PRJNA32533	
rhinovirus B92			167326	ASM879618v1	GCA_008796185.1	GenBank		Complete Genome	7233	7233	2009-02-13		PRJNA32533	
rhinovirus B91			167325	ASM879620v1	GCA_008796205.1	GenBank		Complete Genome	7221	7221	2009-02-13		PRJNA32533	
rhinovirus A90			185940	ASM879622v1	GCA_008796225.1	GenBank		Complete Genome	7124	7124	2009-02-13		PRJNA32533	
rhinovirus B86			185938	ASM879624v1	GCA_008796245.1	GenBank		Complete Genome	7213	7213	2009-02-13		PRJNA32533	
rhinovirus A85			185937	ASM879626v1	GCA_008796265.1	GenBank		Complete Genome	7140	7140	2009-02-13		PRJNA32533	
rhinovirus B84			167328	ASM879628v1	GCA_008796285.1	GenBank		Complete Genome	7201	7201	2009-02-13		PRJNA32533	
rhinovirus B83			185936	ASM879630v1	GCA_008796305.1	GenBank		Complete Genome	7230	7230	2009-02-13		PRJNA32533	
Rhinovirus A81			185935	ASM879632v1	GCA_008796325.1	GenBank		Complete Genome	7116	7116	2009-02-13		PRJNA32533	
rhinovirus A80			185934	ASM879634v1	GCA_008796345.1	GenBank		Complete Genome	7138	7138	2009-02-13		PRJNA32533	
rhinovirus B79			185933	ASM879636v1	GCA_008796365.1	GenBank		Complete Genome	7224	7224	2009-02-13		PRJNA32533	
rhinovirus A77			185932	ASM879638v1	GCA_008796385.1	GenBank		Complete Genome	7136	7136	2009-02-13		PRJNA32533	
rhinovirus B72			44137	ASM879640v1	GCA_008796405.1	GenBank		Complete Genome	7216	7216	2009-02-13		PRJNA32533	
rhinovirus A71			185927	ASM879642v1	GCA_008796425.1	GenBank		Complete Genome	7161	7161	2009-02-13		PRJNA32533	
Rhinovirus B69			147678	ASM879644v1	GCA_008796445.1	GenBank		Complete Genome	7211	7211	2009-02-13		PRJNA32533	
rhinovirus A68			185925	ASM879646v1	GCA_008796465.1	GenBank		Complete Genome	7164	7164	2009-02-13		PRJNA32533	
rhinovirus A67			185924	ASM879648v1	GCA_008796485.1	GenBank		Complete Genome	7135	7135	2009-02-13		PRJNA32533	
rhinovirus A66			185923	ASM879650v1	GCA_008796505.1	GenBank		Complete Genome	7139	7139	2009-02-13		PRJNA32533	
rhinovirus A65			44135	ASM879652v1	GCA_008796525.1	GenBank		Complete Genome	7162	7162	2009-02-13		PRJNA32533	
rhinovirus A63			185921	ASM879654v1	GCA_008796545.1	GenBank		Complete Genome	7141	7141	2009-02-13		PRJNA32533	
rhinovirus A62			44134	ASM879656v1	GCA_008796565.1	GenBank		Complete Genome	7131	7131	2009-02-13		PRJNA32533	
rhinovirus A61			185920	ASM879658v1	GCA_008796585.1	GenBank		Complete Genome	7139	7139	2009-02-13		PRJNA32533	
rhinovirus A60			185919	ASM879660v1	GCA_008796605.1	GenBank		Complete Genome	7139	7139	2009-02-13		PRJNA32533	
rhinovirus A58			44133	ASM879662v1	GCA_008796625.1	GenBank		Complete Genome	7140	7140	2009-02-13		PRJNA32533	
rhinovirus A57			185917	ASM879664v1	GCA_008796645.1	GenBank		Complete Genome	7134	7134	2009-02-13		PRJNA32533	
rhinovirus A56			185916	ASM879666v1	GCA_008796665.1	GenBank		Complete Genome	7136	7136	2009-02-13		PRJNA32533	
rhinovirus A54			185914	ASM879668v1	GCA_008796685.1	GenBank		Complete Genome	7134	7134	2009-02-13		PRJNA32533	
rhinovirus B52			147677	ASM879670v1	GCA_008796705.1	GenBank		Complete Genome	7216	7216	2009-02-13		PRJNA32533	
rhinovirus A51			185912	ASM879672v1	GCA_008796725.1	GenBank		Complete Genome	7152	7152	2009-02-13		PRJNA32533	
rhinovirus A50			44132	ASM879674v1	GCA_008796745.1	GenBank		Complete Genome	7118	7118	2009-02-13		PRJNA32533	
rhinovirus A47			185911	ASM879676v1	GCA_008796765.1	GenBank		Complete Genome	7132	7132	2009-02-13		PRJNA32533	
rhinovirus A45			147676	ASM879678v1	GCA_008796785.1	GenBank		Complete Genome	7114	7114	2009-02-13		PRJNA32533	
rhinovirus A43			167321	ASM879680v1	GCA_008796805.1	GenBank		Complete Genome	7129	7129	2009-02-13		PRJNA32533	
rhinovirus B42			147683	ASM879682v1	GCA_008796825.1	GenBank		Complete Genome	7223	7223	2009-02-13		PRJNA32533	
rhinovirus A40			185908	ASM879684v1	GCA_008796845.1	GenBank		Complete Genome	7138	7138	2009-02-13		PRJNA32533	
rhinovirus A33			185904	ASM879686v1	GCA_008796865.1	GenBank		Complete Genome	7133	7133	2009-02-13		PRJNA32533	
rhinovirus A32			185903	ASM879688v1	GCA_008796885.1	GenBank		Complete Genome	7133	7133	2009-02-13		PRJNA32533	
rhinovirus A31			185902	ASM879690v1	GCA_008796905.1	GenBank		Complete Genome	7131	7131	2009-02-13		PRJNA32533	
rhinovirus A29			44129	ASM879692v1	GCA_008796925.1	GenBank		Complete Genome	7123	7123	2009-02-13		PRJNA32533	
rhinovirus B26			185899	ASM879694v1	GCA_008796945.1	GenBank		Complete Genome	7211	7211	2009-02-13		PRJNA32533	
rhinovirus A25			185898	ASM879696v1	GCA_008796965.1	GenBank		Complete Genome	7126	7126	2009-02-13		PRJNA32533	
rhinovirus A22			185896	ASM879698v1	GCA_008796985.1	GenBank		Complete Genome	7129	7129	2009-02-13		PRJNA32533	
rhinovirus A21			44128	ASM879703v1	GCA_008797035.1	GenBank		Complete Genome	7134	7134	2009-02-13		PRJNA32533	
rhinovirus A20			147675	ASM879705v1	GCA_008797055.1	GenBank		Complete Genome	7163	7163	2009-02-13		PRJNA32533	
rhinovirus A19			185895	ASM879707v1	GCA_008797075.1	GenBank		Complete Genome	7135	7135	2009-02-13		PRJNA32533	
rhinovirus A18			147674	ASM879709v1	GCA_008797095.1	GenBank		Complete Genome	7119	7119	2009-02-13		PRJNA32533	
rhinovirus A13			185893	ASM879711v1	GCA_008797115.1	GenBank		Complete Genome	7140	7140	2009-02-13		PRJNA32533	
rhinovirus A8			185890	ASM879713v1	GCA_008797135.1	GenBank		Complete Genome	7108	7108	2009-02-13		PRJNA32533	
rhinovirus B5			147714	ASM879715v1	GCA_008797155.1	GenBank		Complete Genome	7212	7212	2009-02-13		PRJNA32533	
rhinovirus B93			167327	ASM879755v1	GCA_008797555.1	GenBank		Complete Genome	7215	7215	2007-07-15			
rhinovirus B37			147680	ASM879757v1	GCA_008797575.1	GenBank		Complete Genome	7216	7216	2007-07-15			
rhinovirus B17			150904	ASM879759v1	GCA_008797595.1	GenBank		Complete Genome	7219	7219	2007-07-15			
rhinovirus A94			185941	ASM879761v1	GCA_008797615.1	GenBank		Complete Genome	7132	7132	2007-07-15			
rhinovirus A78			147685	ASM879763v1	GCA_008797635.1	GenBank		Complete Genome	7145	7145	2007-07-15			
rhinovirus A64			185922	ASM879765v1	GCA_008797655.1	GenBank		Complete Genome	7129	7129	2007-07-15			
rhinovirus A24			185897	ASM879767v1	GCA_008797675.1	GenBank		Complete Genome	7132	7132	2007-07-15			
rhinovirus A12			147684	ASM879769v1	GCA_008797695.1	GenBank		Complete Genome	7124	7124	2007-07-15			
rhinovirus A11			39767	ASM879771v1	GCA_008797715.1	GenBank		Complete Genome	7125	7125	2007-07-15			
rhinovirus A30			185901	ASM879793v1	GCA_008797935.1	GenBank		Complete Genome	7099	7099	2007-05-07			
rhinovirus A55			185915	ASM879795v1	GCA_008797955.1	GenBank		Complete Genome	7036	7036	2007-05-07			
rhinovirus A75			185930	ASM879797v1	GCA_008797975.1	GenBank		Complete Genome	7137	7137	2007-05-07			
rhinovirus A82			167322	ASM879799v1	GCA_008797995.1	GenBank		Complete Genome	7129	7129	2007-05-07			
rhinovirus A28			147672	ASM879801v1	GCA_008798015.1	GenBank		Complete Genome	7148	7148	2007-05-07			
rhinovirus A53			185913	ASM879803v1	GCA_008798035.1	GenBank		Complete Genome	7143	7143	2007-05-07			
rhinovirus A46			167324	ASM879805v1	GCA_008798055.1	GenBank		Complete Genome	7149	7149	2007-05-07			
rhinovirus A36			147673	ASM879807v1	GCA_008798075.1	GenBank		Complete Genome	7141	7141	2007-05-07			
rhinovirus A88			185939	ASM879809v1	GCA_008798095.1	GenBank		Complete Genome	7143	7143	2007-05-07			
rhinovirus A7			44136	ASM879811v1	GCA_008798115.1	GenBank		Complete Genome	7146	7146	2007-05-07			
rhinovirus A76			185931	ASM879813v1	GCA_008798135.1	GenBank		Complete Genome	7129	7129	2007-05-07			
rhinovirus A34			185905	ASM879815v1	GCA_008798155.1	GenBank		Complete Genome	7119	7119	2007-05-07			
rhinovirus A59			185918	ASM879817v1	GCA_008798175.1	GenBank		Complete Genome	7135	7135	2007-05-07			
rhinovirus A10			185892	ASM879819v1	GCA_008798195.1	GenBank		Complete Genome	7137	7137	2007-05-07			
rhinovirus A23			12135	ASM879821v1	GCA_008798215.1	GenBank		Complete Genome	7025	7025	2007-05-07			
rhinovirus A49			44131	ASM879823v1	GCA_008798235.1	GenBank		Complete Genome	7106	7106	2007-05-07			
rhinovirus A38			185906	ASM879825v1	GCA_008798255.1	GenBank		Complete Genome	7136	7136	2007-05-07			
rhinovirus A74			185929	ASM879827v1	GCA_008798275.1	GenBank		Complete Genome	7120	7120	2007-05-07			
rhinovirus A15			185894	ASM879829v1	GCA_008798295.1	GenBank		Complete Genome	7134	7134	2007-05-07			
rhinovirus A73			185928	ASM879831v1	GCA_008798315.1	GenBank		Complete Genome	7140	7140	2007-05-07			
rhinovirus A41			185909	ASM879833v1	GCA_008798335.1	GenBank		Complete Genome	7145	7145	2007-05-07			
rhinovirus B4			185889	ASM879835v1	GCA_008798355.1	GenBank		Complete Genome	7212	7212	2007-05-07			
rhinovirus B70			185926	ASM879837v1	GCA_008798375.1	GenBank		Complete Genome	7223	7223	2007-05-07			
Rhinovirus B48			147679	ASM879839v1	GCA_008798395.1	GenBank		Complete Genome	7214	7214	2007-05-07			
rhinovirus B35			167329	ASM879841v1	GCA_008798415.1	GenBank		Complete Genome	7224	7224	2007-05-07			
rhinovirus B6			147681	ASM879843v1	GCA_008798435.1	GenBank		Complete Genome	7216	7216	2007-05-07			
rhinovirus A1B			2777147	ASM879863v1	GCA_008798635.1	GenBank		Complete Genome	7133	7133	1993-04-29			
rhinovirus A39			185907	ASM879887v1	GCA_008798875.1	GenBank		Complete Genome	7137	7137	2004-10-13			
rhinovirus A108		isolate: SO7696	2777146	ASM1313828v1	GCA_013138285.1	GenBank		Scaffold	1008	1008	2014-03-05			
