{
"apiVersion": "V1",
"assemblies": [
{
  "files": [
    {
      "filePath": "data_summary.tsv",
      "fileType": "DATA_TABLE"
    },
    {
      "filePath": "assembly_data_report.jsonl",
      "fileType": "DATA_REPORT"
    }
  ]
},{
  "accession": "GCA_000851145.1",
  "files": [
    {
      "filePath": "GCA_000851145.1/GCA_000851145.1_ViralMultiSegProj14892_genomic.fna",
      "fileType": "GENOMIC_NUCLEOTIDE_FASTA"
    },
    {
      "filePath": "GCA_000851145.1/sequence_report.jsonl",
      "fileType": "SEQUENCE_REPORT"
    }
  ]
},{
  "accession": "GCA_000864105.1",
  "files": [
    {
      "filePath": "GCA_000864105.1/GCA_000864105.1_ViralMultiSegProj15617_genomic.fna",
      "fileType": "GENOMIC_NUCLEOTIDE_FASTA"
    },
    {
      "filePath": "GCA_000864105.1/sequence_report.jsonl",
      "fileType": "SEQUENCE_REPORT"
    }
  ]
},{
  "accession": "GCA_000865085.1",
  "files": [
    {
      "filePath": "GCA_000865085.1/GCA_000865085.1_ViralMultiSegProj15622_genomic.fna",
      "fileType": "GENOMIC_NUCLEOTIDE_FASTA"
    },
    {
      "filePath": "GCA_000865085.1/sequence_report.jsonl",
      "fileType": "SEQUENCE_REPORT"
    }
  ]
},{
  "accession": "GCA_000865725.1",
  "files": [
    {
      "filePath": "GCA_000865725.1/GCA_000865725.1_ViralMultiSegProj15521_genomic.fna",
      "fileType": "GENOMIC_NUCLEOTIDE_FASTA"
    },
    {
      "filePath": "GCA_000865725.1/sequence_report.jsonl",
      "fileType": "SEQUENCE_REPORT"
    }
  ]
},{
  "accession": "GCA_000866645.1",
  "files": [
    {
      "filePath": "GCA_000866645.1/GCA_000866645.1_ViralMultiSegProj15620_genomic.fna",
      "fileType": "GENOMIC_NUCLEOTIDE_FASTA"
    },
    {
      "filePath": "GCA_000866645.1/sequence_report.jsonl",
      "fileType": "SEQUENCE_REPORT"
    }
  ]
},{
  "accession": "GCA_000928555.1",
  "files": [
    {
      "filePath": "GCA_000928555.1/GCA_000928555.1_ViralMultiSegProj274585_genomic.fna",
      "fileType": "GENOMIC_NUCLEOTIDE_FASTA"
    },
    {
      "filePath": "GCA_000928555.1/sequence_report.jsonl",
      "fileType": "SEQUENCE_REPORT"
    }
  ]
},{
  "accession": "GCA_000986055.1",
  "files": [
    {
      "filePath": "GCA_000986055.1/GCA_000986055.1_A_England_8_2010_genomic.fna",
      "fileType": "GENOMIC_NUCLEOTIDE_FASTA"
    },
    {
      "filePath": "GCA_000986055.1/sequence_report.jsonl",
      "fileType": "SEQUENCE_REPORT"
    }
  ]
},{
  "accession": "GCA_000986075.1",
  "files": [
    {
      "filePath": "GCA_000986075.1/GCA_000986075.1_A_England_12_2010_genomic.fna",
      "fileType": "GENOMIC_NUCLEOTIDE_FASTA"
    },
    {
      "filePath": "GCA_000986075.1/sequence_report.jsonl",
      "fileType": "SEQUENCE_REPORT"
    }
  ]
},{
  "accession": "GCA_000986095.1",
  "files": [
    {
      "filePath": "GCA_000986095.1/GCA_000986095.1_A_England_251_2011_genomic.fna",
      "fileType": "GENOMIC_NUCLEOTIDE_FASTA"
    },
    {
      "filePath": "GCA_000986095.1/sequence_report.jsonl",
      "fileType": "SEQUENCE_REPORT"
    }
  ]
},{
  "accession": "GCA_000986115.1",
  "files": [
    {
      "filePath": "GCA_000986115.1/GCA_000986115.1_A_England_05120003_2010_genomic.fna",
      "fileType": "GENOMIC_NUCLEOTIDE_FASTA"
    },
    {
      "filePath": "GCA_000986115.1/sequence_report.jsonl",
      "fileType": "SEQUENCE_REPORT"
    }
  ]
},{
  "accession": "GCA_000986135.1",
  "files": [
    {
      "filePath": "GCA_000986135.1/GCA_000986135.1_A_England_697_2010_genomic.fna",
      "fileType": "GENOMIC_NUCLEOTIDE_FASTA"
    },
    {
      "filePath": "GCA_000986135.1/sequence_report.jsonl",
      "fileType": "SEQUENCE_REPORT"
    }
  ]
},{
  "accession": "GCA_000986155.1",
  "files": [
    {
      "filePath": "GCA_000986155.1/GCA_000986155.1_A_England_01180016_2009_genomic.fna",
      "fileType": "GENOMIC_NUCLEOTIDE_FASTA"
    },
    {
      "filePath": "GCA_000986155.1/sequence_report.jsonl",
      "fileType": "SEQUENCE_REPORT"
    }
  ]
},{
  "accession": "GCA_000986175.1",
  "files": [
    {
      "filePath": "GCA_000986175.1/GCA_000986175.1_A_England_10740707_2011_genomic.fna",
      "fileType": "GENOMIC_NUCLEOTIDE_FASTA"
    },
    {
      "filePath": "GCA_000986175.1/sequence_report.jsonl",
      "fileType": "SEQUENCE_REPORT"
    }
  ]
},{
  "accession": "GCA_000986195.1",
  "files": [
    {
      "filePath": "GCA_000986195.1/GCA_000986195.1_A_England_05040138_2010_genomic.fna",
      "fileType": "GENOMIC_NUCLEOTIDE_FASTA"
    },
    {
      "filePath": "GCA_000986195.1/sequence_report.jsonl",
      "fileType": "SEQUENCE_REPORT"
    }
  ]
},{
  "accession": "GCA_000986215.1",
  "files": [
    {
      "filePath": "GCA_000986215.1/GCA_000986215.1_A_England_05100298_2010_genomic.fna",
      "fileType": "GENOMIC_NUCLEOTIDE_FASTA"
    },
    {
      "filePath": "GCA_000986215.1/sequence_report.jsonl",
      "fileType": "SEQUENCE_REPORT"
    }
  ]
},{
  "accession": "GCA_000986235.1",
  "files": [
    {
      "filePath": "GCA_000986235.1/GCA_000986235.1_A_England_01220736_2009_genomic.fna",
      "fileType": "GENOMIC_NUCLEOTIDE_FASTA"
    },
    {
      "filePath": "GCA_000986235.1/sequence_report.jsonl",
      "fileType": "SEQUENCE_REPORT"
    }
  ]
},{
  "accession": "GCA_000986255.1",
  "files": [
    {
      "filePath": "GCA_000986255.1/GCA_000986255.1_A_England_676_2010_genomic.fna",
      "fileType": "GENOMIC_NUCLEOTIDE_FASTA"
    },
    {
      "filePath": "GCA_000986255.1/sequence_report.jsonl",
      "fileType": "SEQUENCE_REPORT"
    }
  ]
},{
  "accession": "GCA_000986275.1",
  "files": [
    {
      "filePath": "GCA_000986275.1/GCA_000986275.1_A_England_446_2010_genomic.fna",
      "fileType": "GENOMIC_NUCLEOTIDE_FASTA"
    },
    {
      "filePath": "GCA_000986275.1/sequence_report.jsonl",
      "fileType": "SEQUENCE_REPORT"
    }
  ]
},{
  "accession": "GCA_000986295.1",
  "files": [
    {
      "filePath": "GCA_000986295.1/GCA_000986295.1_A_England_245_2011_genomic.fna",
      "fileType": "GENOMIC_NUCLEOTIDE_FASTA"
    },
    {
      "filePath": "GCA_000986295.1/sequence_report.jsonl",
      "fileType": "SEQUENCE_REPORT"
    }
  ]
},{
  "accession": "GCA_000986315.1",
  "files": [
    {
      "filePath": "GCA_000986315.1/GCA_000986315.1_A_England_WTSI1832_2010_genomic.fna",
      "fileType": "GENOMIC_NUCLEOTIDE_FASTA"
    },
    {
      "filePath": "GCA_000986315.1/sequence_report.jsonl",
      "fileType": "SEQUENCE_REPORT"
    }
  ]
},{
  "accession": "GCA_000986335.1",
  "files": [
    {
      "filePath": "GCA_000986335.1/GCA_000986335.1_A_England_675_2010_genomic.fna",
      "fileType": "GENOMIC_NUCLEOTIDE_FASTA"
    },
    {
      "filePath": "GCA_000986335.1/sequence_report.jsonl",
      "fileType": "SEQUENCE_REPORT"
    }
  ]
},{
  "accession": "GCA_000986355.1",
  "files": [
    {
      "filePath": "GCA_000986355.1/GCA_000986355.1_A_England_701_2010_genomic.fna",
      "fileType": "GENOMIC_NUCLEOTIDE_FASTA"
    },
    {
      "filePath": "GCA_000986355.1/sequence_report.jsonl",
      "fileType": "SEQUENCE_REPORT"
    }
  ]
},{
  "accession": "GCA_000986375.1",
  "files": [
    {
      "filePath": "GCA_000986375.1/GCA_000986375.1_A_England_331_2010_genomic.fna",
      "fileType": "GENOMIC_NUCLEOTIDE_FASTA"
    },
    {
      "filePath": "GCA_000986375.1/sequence_report.jsonl",
      "fileType": "SEQUENCE_REPORT"
    }
  ]
},{
  "accession": "GCA_000986395.1",
  "files": [
    {
      "filePath": "GCA_000986395.1/GCA_000986395.1_A_England_WTSI1778_2009_genomic.fna",
      "fileType": "GENOMIC_NUCLEOTIDE_FASTA"
    },
    {
      "filePath": "GCA_000986395.1/sequence_report.jsonl",
      "fileType": "SEQUENCE_REPORT"
    }
  ]
},{
  "accession": "GCA_000986415.1",
  "files": [
    {
      "filePath": "GCA_000986415.1/GCA_000986415.1_A_England_WTSI1822_2011_genomic.fna",
      "fileType": "GENOMIC_NUCLEOTIDE_FASTA"
    },
    {
      "filePath": "GCA_000986415.1/sequence_report.jsonl",
      "fileType": "SEQUENCE_REPORT"
    }
  ]
},{
  "accession": "GCA_000986435.1",
  "files": [
    {
      "filePath": "GCA_000986435.1/GCA_000986435.1_A_England_10820742_2010_genomic.fna",
      "fileType": "GENOMIC_NUCLEOTIDE_FASTA"
    },
    {
      "filePath": "GCA_000986435.1/sequence_report.jsonl",
      "fileType": "SEQUENCE_REPORT"
    }
  ]
},{
  "accession": "GCA_000986455.1",
  "files": [
    {
      "filePath": "GCA_000986455.1/GCA_000986455.1_A_England_10740571_2010_genomic.fna",
      "fileType": "GENOMIC_NUCLEOTIDE_FASTA"
    },
    {
      "filePath": "GCA_000986455.1/sequence_report.jsonl",
      "fileType": "SEQUENCE_REPORT"
    }
  ]
},{
  "accession": "GCA_000986475.1",
  "files": [
    {
      "filePath": "GCA_000986475.1/GCA_000986475.1_A_England_05020665_2010_genomic.fna",
      "fileType": "GENOMIC_NUCLEOTIDE_FASTA"
    },
    {
      "filePath": "GCA_000986475.1/sequence_report.jsonl",
      "fileType": "SEQUENCE_REPORT"
    }
  ]
},{
  "accession": "GCA_000986495.1",
  "files": [
    {
      "filePath": "GCA_000986495.1/GCA_000986495.1_A_England_671_2010_genomic.fna",
      "fileType": "GENOMIC_NUCLEOTIDE_FASTA"
    },
    {
      "filePath": "GCA_000986495.1/sequence_report.jsonl",
      "fileType": "SEQUENCE_REPORT"
    }
  ]
},{
  "accession": "GCA_000986515.1",
  "files": [
    {
      "filePath": "GCA_000986515.1/GCA_000986515.1_A_England_9_2010_genomic.fna",
      "fileType": "GENOMIC_NUCLEOTIDE_FASTA"
    },
    {
      "filePath": "GCA_000986515.1/sequence_report.jsonl",
      "fileType": "SEQUENCE_REPORT"
    }
  ]
},{
  "accession": "GCA_000986535.1",
  "files": [
    {
      "filePath": "GCA_000986535.1/GCA_000986535.1_A_England_10740579_2010_genomic.fna",
      "fileType": "GENOMIC_NUCLEOTIDE_FASTA"
    },
    {
      "filePath": "GCA_000986535.1/sequence_report.jsonl",
      "fileType": "SEQUENCE_REPORT"
    }
  ]
},{
  "accession": "GCA_000986555.1",
  "files": [
    {
      "filePath": "GCA_000986555.1/GCA_000986555.1_A_England_32_2010_genomic.fna",
      "fileType": "GENOMIC_NUCLEOTIDE_FASTA"
    },
    {
      "filePath": "GCA_000986555.1/sequence_report.jsonl",
      "fileType": "SEQUENCE_REPORT"
    }
  ]
},{
  "accession": "GCA_000986575.1",
  "files": [
    {
      "filePath": "GCA_000986575.1/GCA_000986575.1_A_England_00380719_2010_genomic.fna",
      "fileType": "GENOMIC_NUCLEOTIDE_FASTA"
    },
    {
      "filePath": "GCA_000986575.1/sequence_report.jsonl",
      "fileType": "SEQUENCE_REPORT"
    }
  ]
},{
  "accession": "GCA_000986595.1",
  "files": [
    {
      "filePath": "GCA_000986595.1/GCA_000986595.1_A_England_00380718_2010_genomic.fna",
      "fileType": "GENOMIC_NUCLEOTIDE_FASTA"
    },
    {
      "filePath": "GCA_000986595.1/sequence_report.jsonl",
      "fileType": "SEQUENCE_REPORT"
    }
  ]
},{
  "accession": "GCA_000986615.1",
  "files": [
    {
      "filePath": "GCA_000986615.1/GCA_000986615.1_A_England_673_2010_genomic.fna",
      "fileType": "GENOMIC_NUCLEOTIDE_FASTA"
    },
    {
      "filePath": "GCA_000986615.1/sequence_report.jsonl",
      "fileType": "SEQUENCE_REPORT"
    }
  ]
},{
  "accession": "GCA_001006685.1",
  "files": [
    {
      "filePath": "GCA_001006685.1/GCA_001006685.1_A_England_719_2010_genomic.fna",
      "fileType": "GENOMIC_NUCLEOTIDE_FASTA"
    },
    {
      "filePath": "GCA_001006685.1/sequence_report.jsonl",
      "fileType": "SEQUENCE_REPORT"
    }
  ]
},{
  "accession": "GCA_001006725.1",
  "files": [
    {
      "filePath": "GCA_001006725.1/GCA_001006725.1_A_England_10_2010_genomic.fna",
      "fileType": "GENOMIC_NUCLEOTIDE_FASTA"
    },
    {
      "filePath": "GCA_001006725.1/sequence_report.jsonl",
      "fileType": "SEQUENCE_REPORT"
    }
  ]
},{
  "accession": "GCA_001006745.1",
  "files": [
    {
      "filePath": "GCA_001006745.1/GCA_001006745.1_A_England_10740685_2010_genomic.fna",
      "fileType": "GENOMIC_NUCLEOTIDE_FASTA"
    },
    {
      "filePath": "GCA_001006745.1/sequence_report.jsonl",
      "fileType": "SEQUENCE_REPORT"
    }
  ]
},{
  "accession": "GCA_001006825.1",
  "files": [
    {
      "filePath": "GCA_001006825.1/GCA_001006825.1_A_England_343_2010_genomic.fna",
      "fileType": "GENOMIC_NUCLEOTIDE_FASTA"
    },
    {
      "filePath": "GCA_001006825.1/sequence_report.jsonl",
      "fileType": "SEQUENCE_REPORT"
    }
  ]
},{
  "accession": "GCA_001006845.1",
  "files": [
    {
      "filePath": "GCA_001006845.1/GCA_001006845.1_A_England_677_2010_genomic.fna",
      "fileType": "GENOMIC_NUCLEOTIDE_FASTA"
    },
    {
      "filePath": "GCA_001006845.1/sequence_report.jsonl",
      "fileType": "SEQUENCE_REPORT"
    }
  ]
},{
  "accession": "GCA_001006865.1",
  "files": [
    {
      "filePath": "GCA_001006865.1/GCA_001006865.1_A_England_10740704_2011_genomic.fna",
      "fileType": "GENOMIC_NUCLEOTIDE_FASTA"
    },
    {
      "filePath": "GCA_001006865.1/sequence_report.jsonl",
      "fileType": "SEQUENCE_REPORT"
    }
  ]
},{
  "accession": "GCA_001006885.1",
  "files": [
    {
      "filePath": "GCA_001006885.1/GCA_001006885.1_A_England_WTSI1781_2011_genomic.fna",
      "fileType": "GENOMIC_NUCLEOTIDE_FASTA"
    },
    {
      "filePath": "GCA_001006885.1/sequence_report.jsonl",
      "fileType": "SEQUENCE_REPORT"
    }
  ]
},{
  "accession": "GCA_001006905.1",
  "files": [
    {
      "filePath": "GCA_001006905.1/GCA_001006905.1_A_England_05160420_2010_genomic.fna",
      "fileType": "GENOMIC_NUCLEOTIDE_FASTA"
    },
    {
      "filePath": "GCA_001006905.1/sequence_report.jsonl",
      "fileType": "SEQUENCE_REPORT"
    }
  ]
},{
  "accession": "GCA_001006925.1",
  "files": [
    {
      "filePath": "GCA_001006925.1/GCA_001006925.1_A_England_WTSI2051_2011_genomic.fna",
      "fileType": "GENOMIC_NUCLEOTIDE_FASTA"
    },
    {
      "filePath": "GCA_001006925.1/sequence_report.jsonl",
      "fileType": "SEQUENCE_REPORT"
    }
  ]
},{
  "accession": "GCA_001013605.1",
  "files": [
    {
      "filePath": "GCA_001013605.1/GCA_001013605.1_A_England_29_2010_genomic.fna",
      "fileType": "GENOMIC_NUCLEOTIDE_FASTA"
    },
    {
      "filePath": "GCA_001013605.1/sequence_report.jsonl",
      "fileType": "SEQUENCE_REPORT"
    }
  ]
},{
  "accession": "GCA_001013625.1",
  "files": [
    {
      "filePath": "GCA_001013625.1/GCA_001013625.1_A_England_468_2010_genomic.fna",
      "fileType": "GENOMIC_NUCLEOTIDE_FASTA"
    },
    {
      "filePath": "GCA_001013625.1/sequence_report.jsonl",
      "fileType": "SEQUENCE_REPORT"
    }
  ]
},{
  "accession": "GCA_001013645.1",
  "files": [
    {
      "filePath": "GCA_001013645.1/GCA_001013645.1_A_England_05020662_2010_genomic.fna",
      "fileType": "GENOMIC_NUCLEOTIDE_FASTA"
    },
    {
      "filePath": "GCA_001013645.1/sequence_report.jsonl",
      "fileType": "SEQUENCE_REPORT"
    }
  ]
},{
  "accession": "GCA_001013665.1",
  "files": [
    {
      "filePath": "GCA_001013665.1/GCA_001013665.1_A_England_10740571_2010_genomic.fna",
      "fileType": "GENOMIC_NUCLEOTIDE_FASTA"
    },
    {
      "filePath": "GCA_001013665.1/sequence_report.jsonl",
      "fileType": "SEQUENCE_REPORT"
    }
  ]
},{
  "accession": "GCA_001013685.1",
  "files": [
    {
      "filePath": "GCA_001013685.1/GCA_001013685.1_A_England_00380710_2010_genomic.fna",
      "fileType": "GENOMIC_NUCLEOTIDE_FASTA"
    },
    {
      "filePath": "GCA_001013685.1/sequence_report.jsonl",
      "fileType": "SEQUENCE_REPORT"
    }
  ]
},{
  "accession": "GCA_001013705.1",
  "files": [
    {
      "filePath": "GCA_001013705.1/GCA_001013705.1_A_England_WTSI1807_2010_genomic.fna",
      "fileType": "GENOMIC_NUCLEOTIDE_FASTA"
    },
    {
      "filePath": "GCA_001013705.1/sequence_report.jsonl",
      "fileType": "SEQUENCE_REPORT"
    }
  ]
},{
  "accession": "GCA_001013725.1",
  "files": [
    {
      "filePath": "GCA_001013725.1/GCA_001013725.1_A_England_11_2010_genomic.fna",
      "fileType": "GENOMIC_NUCLEOTIDE_FASTA"
    },
    {
      "filePath": "GCA_001013725.1/sequence_report.jsonl",
      "fileType": "SEQUENCE_REPORT"
    }
  ]
},{
  "accession": "GCA_001013745.1",
  "files": [
    {
      "filePath": "GCA_001013745.1/GCA_001013745.1_A_England_WTSI1769_2010_genomic.fna",
      "fileType": "GENOMIC_NUCLEOTIDE_FASTA"
    },
    {
      "filePath": "GCA_001013745.1/sequence_report.jsonl",
      "fileType": "SEQUENCE_REPORT"
    }
  ]
},{
  "accession": "GCA_001013765.1",
  "files": [
    {
      "filePath": "GCA_001013765.1/GCA_001013765.1_A_England_10740664_2011_genomic.fna",
      "fileType": "GENOMIC_NUCLEOTIDE_FASTA"
    },
    {
      "filePath": "GCA_001013765.1/sequence_report.jsonl",
      "fileType": "SEQUENCE_REPORT"
    }
  ]
},{
  "accession": "GCA_001013785.1",
  "files": [
    {
      "filePath": "GCA_001013785.1/GCA_001013785.1_A_England_21680633_2010_genomic.fna",
      "fileType": "GENOMIC_NUCLEOTIDE_FASTA"
    },
    {
      "filePath": "GCA_001013785.1/sequence_report.jsonl",
      "fileType": "SEQUENCE_REPORT"
    }
  ]
},{
  "accession": "GCA_001013805.1",
  "files": [
    {
      "filePath": "GCA_001013805.1/GCA_001013805.1_A_England_688_2010_genomic.fna",
      "fileType": "GENOMIC_NUCLEOTIDE_FASTA"
    },
    {
      "filePath": "GCA_001013805.1/sequence_report.jsonl",
      "fileType": "SEQUENCE_REPORT"
    }
  ]
},{
  "accession": "GCA_001013825.1",
  "files": [
    {
      "filePath": "GCA_001013825.1/GCA_001013825.1_A_England_05100297_2010_genomic.fna",
      "fileType": "GENOMIC_NUCLEOTIDE_FASTA"
    },
    {
      "filePath": "GCA_001013825.1/sequence_report.jsonl",
      "fileType": "SEQUENCE_REPORT"
    }
  ]
},{
  "accession": "GCA_001013845.1",
  "files": [
    {
      "filePath": "GCA_001013845.1/GCA_001013845.1_A_England_687_2010_genomic.fna",
      "fileType": "GENOMIC_NUCLEOTIDE_FASTA"
    },
    {
      "filePath": "GCA_001013845.1/sequence_report.jsonl",
      "fileType": "SEQUENCE_REPORT"
    }
  ]
},{
  "accession": "GCA_001013865.1",
  "files": [
    {
      "filePath": "GCA_001013865.1/GCA_001013865.1_A_England_10740688_2010_genomic.fna",
      "fileType": "GENOMIC_NUCLEOTIDE_FASTA"
    },
    {
      "filePath": "GCA_001013865.1/sequence_report.jsonl",
      "fileType": "SEQUENCE_REPORT"
    }
  ]
},{
  "accession": "GCA_001013885.1",
  "files": [
    {
      "filePath": "GCA_001013885.1/GCA_001013885.1_A_England_10820733_2010_genomic.fna",
      "fileType": "GENOMIC_NUCLEOTIDE_FASTA"
    },
    {
      "filePath": "GCA_001013885.1/sequence_report.jsonl",
      "fileType": "SEQUENCE_REPORT"
    }
  ]
},{
  "accession": "GCA_001013925.1",
  "files": [
    {
      "filePath": "GCA_001013925.1/GCA_001013925.1_A_England_717_2010_genomic.fna",
      "fileType": "GENOMIC_NUCLEOTIDE_FASTA"
    },
    {
      "filePath": "GCA_001013925.1/sequence_report.jsonl",
      "fileType": "SEQUENCE_REPORT"
    }
  ]
},{
  "accession": "GCA_001013945.1",
  "files": [
    {
      "filePath": "GCA_001013945.1/GCA_001013945.1_A_England_694_2010_genomic.fna",
      "fileType": "GENOMIC_NUCLEOTIDE_FASTA"
    },
    {
      "filePath": "GCA_001013945.1/sequence_report.jsonl",
      "fileType": "SEQUENCE_REPORT"
    }
  ]
},{
  "accession": "GCA_001013965.1",
  "files": [
    {
      "filePath": "GCA_001013965.1/GCA_001013965.1_A_England_688_2010_genomic.fna",
      "fileType": "GENOMIC_NUCLEOTIDE_FASTA"
    },
    {
      "filePath": "GCA_001013965.1/sequence_report.jsonl",
      "fileType": "SEQUENCE_REPORT"
    }
  ]
},{
  "accession": "GCA_001014005.1",
  "files": [
    {
      "filePath": "GCA_001014005.1/GCA_001014005.1_A_England_01180007_2010_genomic.fna",
      "fileType": "GENOMIC_NUCLEOTIDE_FASTA"
    },
    {
      "filePath": "GCA_001014005.1/sequence_report.jsonl",
      "fileType": "SEQUENCE_REPORT"
    }
  ]
},{
  "accession": "GCA_001014025.1",
  "files": [
    {
      "filePath": "GCA_001014025.1/GCA_001014025.1_A_England_692_2010_genomic.fna",
      "fileType": "GENOMIC_NUCLEOTIDE_FASTA"
    },
    {
      "filePath": "GCA_001014025.1/sequence_report.jsonl",
      "fileType": "SEQUENCE_REPORT"
    }
  ]
},{
  "accession": "GCA_001014045.1",
  "files": [
    {
      "filePath": "GCA_001014045.1/GCA_001014045.1_A_England_132_2011_genomic.fna",
      "fileType": "GENOMIC_NUCLEOTIDE_FASTA"
    },
    {
      "filePath": "GCA_001014045.1/sequence_report.jsonl",
      "fileType": "SEQUENCE_REPORT"
    }
  ]
},{
  "accession": "GCA_001014065.1",
  "files": [
    {
      "filePath": "GCA_001014065.1/GCA_001014065.1_A_England_00380709_2010_genomic.fna",
      "fileType": "GENOMIC_NUCLEOTIDE_FASTA"
    },
    {
      "filePath": "GCA_001014065.1/sequence_report.jsonl",
      "fileType": "SEQUENCE_REPORT"
    }
  ]
},{
  "accession": "GCA_001014085.1",
  "files": [
    {
      "filePath": "GCA_001014085.1/GCA_001014085.1_A_England_04980053_2010_genomic.fna",
      "fileType": "GENOMIC_NUCLEOTIDE_FASTA"
    },
    {
      "filePath": "GCA_001014085.1/sequence_report.jsonl",
      "fileType": "SEQUENCE_REPORT"
    }
  ]
},{
  "accession": "GCA_001014105.1",
  "files": [
    {
      "filePath": "GCA_001014105.1/GCA_001014105.1_A_England_04900053_2010_genomic.fna",
      "fileType": "GENOMIC_NUCLEOTIDE_FASTA"
    },
    {
      "filePath": "GCA_001014105.1/sequence_report.jsonl",
      "fileType": "SEQUENCE_REPORT"
    }
  ]
},{
  "accession": "GCA_001014125.1",
  "files": [
    {
      "filePath": "GCA_001014125.1/GCA_001014125.1_A_England_11520759_2011_genomic.fna",
      "fileType": "GENOMIC_NUCLEOTIDE_FASTA"
    },
    {
      "filePath": "GCA_001014125.1/sequence_report.jsonl",
      "fileType": "SEQUENCE_REPORT"
    }
  ]
},{
  "accession": "GCA_001014145.1",
  "files": [
    {
      "filePath": "GCA_001014145.1/GCA_001014145.1_A_England_10820734_2010_genomic.fna",
      "fileType": "GENOMIC_NUCLEOTIDE_FASTA"
    },
    {
      "filePath": "GCA_001014145.1/sequence_report.jsonl",
      "fileType": "SEQUENCE_REPORT"
    }
  ]
},{
  "accession": "GCA_001014165.1",
  "files": [
    {
      "filePath": "GCA_001014165.1/GCA_001014165.1_A_England_WTSI1826_2010_genomic.fna",
      "fileType": "GENOMIC_NUCLEOTIDE_FASTA"
    },
    {
      "filePath": "GCA_001014165.1/sequence_report.jsonl",
      "fileType": "SEQUENCE_REPORT"
    }
  ]
},{
  "accession": "GCA_001014185.1",
  "files": [
    {
      "filePath": "GCA_001014185.1/GCA_001014185.1_A_England_10740561_2010_genomic.fna",
      "fileType": "GENOMIC_NUCLEOTIDE_FASTA"
    },
    {
      "filePath": "GCA_001014185.1/sequence_report.jsonl",
      "fileType": "SEQUENCE_REPORT"
    }
  ]
},{
  "accession": "GCA_001014205.1",
  "files": [
    {
      "filePath": "GCA_001014205.1/GCA_001014205.1_A_England_05020673_2010_genomic.fna",
      "fileType": "GENOMIC_NUCLEOTIDE_FASTA"
    },
    {
      "filePath": "GCA_001014205.1/sequence_report.jsonl",
      "fileType": "SEQUENCE_REPORT"
    }
  ]
},{
  "accession": "GCA_001014225.1",
  "files": [
    {
      "filePath": "GCA_001014225.1/GCA_001014225.1_A_England_01180018_2010_genomic.fna",
      "fileType": "GENOMIC_NUCLEOTIDE_FASTA"
    },
    {
      "filePath": "GCA_001014225.1/sequence_report.jsonl",
      "fileType": "SEQUENCE_REPORT"
    }
  ]
},{
  "accession": "GCA_001014245.1",
  "files": [
    {
      "filePath": "GCA_001014245.1/GCA_001014245.1_A_England_393_2010_genomic.fna",
      "fileType": "GENOMIC_NUCLEOTIDE_FASTA"
    },
    {
      "filePath": "GCA_001014245.1/sequence_report.jsonl",
      "fileType": "SEQUENCE_REPORT"
    }
  ]
},{
  "accession": "GCA_001014265.1",
  "files": [
    {
      "filePath": "GCA_001014265.1/GCA_001014265.1_A_England_377_2010_genomic.fna",
      "fileType": "GENOMIC_NUCLEOTIDE_FASTA"
    },
    {
      "filePath": "GCA_001014265.1/sequence_report.jsonl",
      "fileType": "SEQUENCE_REPORT"
    }
  ]
},{
  "accession": "GCA_001039805.1",
  "files": [
    {
      "filePath": "GCA_001039805.1/GCA_001039805.1_A_England_12240612_2010_genomic.fna",
      "fileType": "GENOMIC_NUCLEOTIDE_FASTA"
    },
    {
      "filePath": "GCA_001039805.1/sequence_report.jsonl",
      "fileType": "SEQUENCE_REPORT"
    }
  ]
},{
  "accession": "GCA_001039825.1",
  "files": [
    {
      "filePath": "GCA_001039825.1/GCA_001039825.1_A_England_10740681_2010_genomic.fna",
      "fileType": "GENOMIC_NUCLEOTIDE_FASTA"
    },
    {
      "filePath": "GCA_001039825.1/sequence_report.jsonl",
      "fileType": "SEQUENCE_REPORT"
    }
  ]
},{
  "accession": "GCA_001039845.1",
  "files": [
    {
      "filePath": "GCA_001039845.1/GCA_001039845.1_A_England_WTSI2060_2010_genomic.fna",
      "fileType": "GENOMIC_NUCLEOTIDE_FASTA"
    },
    {
      "filePath": "GCA_001039845.1/sequence_report.jsonl",
      "fileType": "SEQUENCE_REPORT"
    }
  ]
},{
  "accession": "GCA_001039865.1",
  "files": [
    {
      "filePath": "GCA_001039865.1/GCA_001039865.1_A_England_700_2010_genomic.fna",
      "fileType": "GENOMIC_NUCLEOTIDE_FASTA"
    },
    {
      "filePath": "GCA_001039865.1/sequence_report.jsonl",
      "fileType": "SEQUENCE_REPORT"
    }
  ]
},{
  "accession": "GCA_001291385.1",
  "files": [
    {
      "filePath": "GCA_001291385.1/GCA_001291385.1_A_England_10740581_2010_genomic.fna",
      "fileType": "GENOMIC_NUCLEOTIDE_FASTA"
    },
    {
      "filePath": "GCA_001291385.1/sequence_report.jsonl",
      "fileType": "SEQUENCE_REPORT"
    }
  ]
},{
  "accession": "GCA_001291405.1",
  "files": [
    {
      "filePath": "GCA_001291405.1/GCA_001291405.1_A_England_WTSI1774_2010_genomic.fna",
      "fileType": "GENOMIC_NUCLEOTIDE_FASTA"
    },
    {
      "filePath": "GCA_001291405.1/sequence_report.jsonl",
      "fileType": "SEQUENCE_REPORT"
    }
  ]
},{
  "accession": "GCA_001291425.1",
  "files": [
    {
      "filePath": "GCA_001291425.1/GCA_001291425.1_A_England_374_2010_genomic.fna",
      "fileType": "GENOMIC_NUCLEOTIDE_FASTA"
    },
    {
      "filePath": "GCA_001291425.1/sequence_report.jsonl",
      "fileType": "SEQUENCE_REPORT"
    }
  ]
},{
  "accession": "GCA_001343785.1",
  "files": [
    {
      "filePath": "GCA_001343785.1/GCA_001343785.1_ViralMultiSegProj274766_genomic.fna",
      "fileType": "GENOMIC_NUCLEOTIDE_FASTA"
    },
    {
      "filePath": "GCA_001343785.1/sequence_report.jsonl",
      "fileType": "SEQUENCE_REPORT"
    }
  ]
},{
  "accession": "GCA_900004335.1",
  "files": [
    {
      "filePath": "GCA_900004335.1/GCA_900004335.1_A_England_718_2010_genomic.fna",
      "fileType": "GENOMIC_NUCLEOTIDE_FASTA"
    },
    {
      "filePath": "GCA_900004335.1/sequence_report.jsonl",
      "fileType": "SEQUENCE_REPORT"
    }
  ]
},{
  "accession": "GCA_900004345.1",
  "files": [
    {
      "filePath": "GCA_900004345.1/GCA_900004345.1_A_England_672_2010_genomic.fna",
      "fileType": "GENOMIC_NUCLEOTIDE_FASTA"
    },
    {
      "filePath": "GCA_900004345.1/sequence_report.jsonl",
      "fileType": "SEQUENCE_REPORT"
    }
  ]
},{
  "accession": "GCA_900004365.1",
  "files": [
    {
      "filePath": "GCA_900004365.1/GCA_900004365.1_A_England_12240614_2011_genomic.fna",
      "fileType": "GENOMIC_NUCLEOTIDE_FASTA"
    },
    {
      "filePath": "GCA_900004365.1/sequence_report.jsonl",
      "fileType": "SEQUENCE_REPORT"
    }
  ]
},{
  "accession": "GCA_900004375.1",
  "files": [
    {
      "filePath": "GCA_900004375.1/GCA_900004375.1_A_England_01220741_2010_genomic.fna",
      "fileType": "GENOMIC_NUCLEOTIDE_FASTA"
    },
    {
      "filePath": "GCA_900004375.1/sequence_report.jsonl",
      "fileType": "SEQUENCE_REPORT"
    }
  ]
},{
  "accession": "GCA_900004385.1",
  "files": [
    {
      "filePath": "GCA_900004385.1/GCA_900004385.1_A_England_01220639_2009_genomic.fna",
      "fileType": "GENOMIC_NUCLEOTIDE_FASTA"
    },
    {
      "filePath": "GCA_900004385.1/sequence_report.jsonl",
      "fileType": "SEQUENCE_REPORT"
    }
  ]
},{
  "accession": "GCA_900004425.1",
  "files": [
    {
      "filePath": "GCA_900004425.1/GCA_900004425.1_A_England_05140281_2010_genomic.fna",
      "fileType": "GENOMIC_NUCLEOTIDE_FASTA"
    },
    {
      "filePath": "GCA_900004425.1/sequence_report.jsonl",
      "fileType": "SEQUENCE_REPORT"
    }
  ]
},{
  "accession": "GCA_900004435.1",
  "files": [
    {
      "filePath": "GCA_900004435.1/GCA_900004435.1_A_England_05080637_2010_genomic.fna",
      "fileType": "GENOMIC_NUCLEOTIDE_FASTA"
    },
    {
      "filePath": "GCA_900004435.1/sequence_report.jsonl",
      "fileType": "SEQUENCE_REPORT"
    }
  ]
},{
  "accession": "GCA_900004445.1",
  "files": [
    {
      "filePath": "GCA_900004445.1/GCA_900004445.1_A_England_05100660_2010_genomic.fna",
      "fileType": "GENOMIC_NUCLEOTIDE_FASTA"
    },
    {
      "filePath": "GCA_900004445.1/sequence_report.jsonl",
      "fileType": "SEQUENCE_REPORT"
    }
  ]
},{
  "accession": "GCA_900004455.1",
  "files": [
    {
      "filePath": "GCA_900004455.1/GCA_900004455.1_A_England_05140856_2010_genomic.fna",
      "fileType": "GENOMIC_NUCLEOTIDE_FASTA"
    },
    {
      "filePath": "GCA_900004455.1/sequence_report.jsonl",
      "fileType": "SEQUENCE_REPORT"
    }
  ]
},{
  "accession": "GCA_900004465.1",
  "files": [
    {
      "filePath": "GCA_900004465.1/GCA_900004465.1_A_England_WTSI1783_2009_genomic.fna",
      "fileType": "GENOMIC_NUCLEOTIDE_FASTA"
    },
    {
      "filePath": "GCA_900004465.1/sequence_report.jsonl",
      "fileType": "SEQUENCE_REPORT"
    }
  ]
},{
  "accession": "GCA_900004475.1",
  "files": [
    {
      "filePath": "GCA_900004475.1/GCA_900004475.1_A_England_04980055_2010_genomic.fna",
      "fileType": "GENOMIC_NUCLEOTIDE_FASTA"
    },
    {
      "filePath": "GCA_900004475.1/sequence_report.jsonl",
      "fileType": "SEQUENCE_REPORT"
    }
  ]
},{
  "accession": "GCA_900004485.1",
  "files": [
    {
      "filePath": "GCA_900004485.1/GCA_900004485.1_A_England_04980045_2010_genomic.fna",
      "fileType": "GENOMIC_NUCLEOTIDE_FASTA"
    },
    {
      "filePath": "GCA_900004485.1/sequence_report.jsonl",
      "fileType": "SEQUENCE_REPORT"
    }
  ]
},{
  "accession": "GCA_900004495.1",
  "files": [
    {
      "filePath": "GCA_900004495.1/GCA_900004495.1_A_England_10740690_2011_genomic.fna",
      "fileType": "GENOMIC_NUCLEOTIDE_FASTA"
    },
    {
      "filePath": "GCA_900004495.1/sequence_report.jsonl",
      "fileType": "SEQUENCE_REPORT"
    }
  ]
},{
  "accession": "GCA_900004505.1",
  "files": [
    {
      "filePath": "GCA_900004505.1/GCA_900004505.1_A_England_414_2010_genomic.fna",
      "fileType": "GENOMIC_NUCLEOTIDE_FASTA"
    },
    {
      "filePath": "GCA_900004505.1/sequence_report.jsonl",
      "fileType": "SEQUENCE_REPORT"
    }
  ]
},{
  "accession": "GCA_900004515.1",
  "files": [
    {
      "filePath": "GCA_900004515.1/GCA_900004515.1_A_England_05100301_2010_genomic.fna",
      "fileType": "GENOMIC_NUCLEOTIDE_FASTA"
    },
    {
      "filePath": "GCA_900004515.1/sequence_report.jsonl",
      "fileType": "SEQUENCE_REPORT"
    }
  ]
},{
  "accession": "GCA_900004525.1",
  "files": [
    {
      "filePath": "GCA_900004525.1/GCA_900004525.1_A_England_213_2011_genomic.fna",
      "fileType": "GENOMIC_NUCLEOTIDE_FASTA"
    },
    {
      "filePath": "GCA_900004525.1/sequence_report.jsonl",
      "fileType": "SEQUENCE_REPORT"
    }
  ]
},{
  "accession": "GCA_900004535.1",
  "files": [
    {
      "filePath": "GCA_900004535.1/GCA_900004535.1_A_England_05140847_2010_genomic.fna",
      "fileType": "GENOMIC_NUCLEOTIDE_FASTA"
    },
    {
      "filePath": "GCA_900004535.1/sequence_report.jsonl",
      "fileType": "SEQUENCE_REPORT"
    }
  ]
},{
  "accession": "GCA_900004555.1",
  "files": [
    {
      "filePath": "GCA_900004555.1/GCA_900004555.1_A_England_689_2010_genomic.fna",
      "fileType": "GENOMIC_NUCLEOTIDE_FASTA"
    },
    {
      "filePath": "GCA_900004555.1/sequence_report.jsonl",
      "fileType": "SEQUENCE_REPORT"
    }
  ]
},{
  "accession": "GCA_900004575.1",
  "files": [
    {
      "filePath": "GCA_900004575.1/GCA_900004575.1_A_England_10740623_2011_genomic.fna",
      "fileType": "GENOMIC_NUCLEOTIDE_FASTA"
    },
    {
      "filePath": "GCA_900004575.1/sequence_report.jsonl",
      "fileType": "SEQUENCE_REPORT"
    }
  ]
},{
  "accession": "GCA_900004585.1",
  "files": [
    {
      "filePath": "GCA_900004585.1/GCA_900004585.1_A_England_05140177_2010_genomic.fna",
      "fileType": "GENOMIC_NUCLEOTIDE_FASTA"
    },
    {
      "filePath": "GCA_900004585.1/sequence_report.jsonl",
      "fileType": "SEQUENCE_REPORT"
    }
  ]
},{
  "accession": "GCA_900004595.1",
  "files": [
    {
      "filePath": "GCA_900004595.1/GCA_900004595.1_A_England_01220740_2010_genomic.fna",
      "fileType": "GENOMIC_NUCLEOTIDE_FASTA"
    },
    {
      "filePath": "GCA_900004595.1/sequence_report.jsonl",
      "fileType": "SEQUENCE_REPORT"
    }
  ]
},{
  "accession": "GCA_900004605.1",
  "files": [
    {
      "filePath": "GCA_900004605.1/GCA_900004605.1_A_England_05000088_2010_genomic.fna",
      "fileType": "GENOMIC_NUCLEOTIDE_FASTA"
    },
    {
      "filePath": "GCA_900004605.1/sequence_report.jsonl",
      "fileType": "SEQUENCE_REPORT"
    }
  ]
},{
  "accession": "GCA_900004675.1",
  "files": [
    {
      "filePath": "GCA_900004675.1/GCA_900004675.1_A_England_01580005_2010_genomic.fna",
      "fileType": "GENOMIC_NUCLEOTIDE_FASTA"
    },
    {
      "filePath": "GCA_900004675.1/sequence_report.jsonl",
      "fileType": "SEQUENCE_REPORT"
    }
  ]
},{
  "accession": "GCA_900004725.1",
  "files": [
    {
      "filePath": "GCA_900004725.1/GCA_900004725.1_A_England_10740658_2011_genomic.fna",
      "fileType": "GENOMIC_NUCLEOTIDE_FASTA"
    },
    {
      "filePath": "GCA_900004725.1/sequence_report.jsonl",
      "fileType": "SEQUENCE_REPORT"
    }
  ]
},{
  "accession": "GCA_900004745.1",
  "files": [
    {
      "filePath": "GCA_900004745.1/GCA_900004745.1_A_England_05080831_2010_genomic.fna",
      "fileType": "GENOMIC_NUCLEOTIDE_FASTA"
    },
    {
      "filePath": "GCA_900004745.1/sequence_report.jsonl",
      "fileType": "SEQUENCE_REPORT"
    }
  ]
},{
  "accession": "GCA_900004765.1",
  "files": [
    {
      "filePath": "GCA_900004765.1/GCA_900004765.1_A_England_01180011_2010_genomic.fna",
      "fileType": "GENOMIC_NUCLEOTIDE_FASTA"
    },
    {
      "filePath": "GCA_900004765.1/sequence_report.jsonl",
      "fileType": "SEQUENCE_REPORT"
    }
  ]
},{
  "accession": "GCA_900004775.1",
  "files": [
    {
      "filePath": "GCA_900004775.1/GCA_900004775.1_A_England_01580003_2010_genomic.fna",
      "fileType": "GENOMIC_NUCLEOTIDE_FASTA"
    },
    {
      "filePath": "GCA_900004775.1/sequence_report.jsonl",
      "fileType": "SEQUENCE_REPORT"
    }
  ]
},{
  "accession": "GCA_900004805.1",
  "files": [
    {
      "filePath": "GCA_900004805.1/GCA_900004805.1_A_England_WTSI2067_2010_genomic.fna",
      "fileType": "GENOMIC_NUCLEOTIDE_FASTA"
    },
    {
      "filePath": "GCA_900004805.1/sequence_report.jsonl",
      "fileType": "SEQUENCE_REPORT"
    }
  ]
},{
  "accession": "GCA_900004815.1",
  "files": [
    {
      "filePath": "GCA_900004815.1/GCA_900004815.1_A_England_04860560_2010_genomic.fna",
      "fileType": "GENOMIC_NUCLEOTIDE_FASTA"
    },
    {
      "filePath": "GCA_900004815.1/sequence_report.jsonl",
      "fileType": "SEQUENCE_REPORT"
    }
  ]
},{
  "accession": "GCA_900004835.1",
  "files": [
    {
      "filePath": "GCA_900004835.1/GCA_900004835.1_A_England_665_2010_genomic.fna",
      "fileType": "GENOMIC_NUCLEOTIDE_FASTA"
    },
    {
      "filePath": "GCA_900004835.1/sequence_report.jsonl",
      "fileType": "SEQUENCE_REPORT"
    }
  ]
},{
  "accession": "GCA_900004875.1",
  "files": [
    {
      "filePath": "GCA_900004875.1/GCA_900004875.1_A_England_01180015_2010_genomic.fna",
      "fileType": "GENOMIC_NUCLEOTIDE_FASTA"
    },
    {
      "filePath": "GCA_900004875.1/sequence_report.jsonl",
      "fileType": "SEQUENCE_REPORT"
    }
  ]
},{
  "accession": "GCA_900004935.1",
  "files": [
    {
      "filePath": "GCA_900004935.1/GCA_900004935.1_A_England_04980653_2010_genomic.fna",
      "fileType": "GENOMIC_NUCLEOTIDE_FASTA"
    },
    {
      "filePath": "GCA_900004935.1/sequence_report.jsonl",
      "fileType": "SEQUENCE_REPORT"
    }
  ]
},{
  "accession": "GCA_900004945.1",
  "files": [
    {
      "filePath": "GCA_900004945.1/GCA_900004945.1_A_England_10740693_2011_genomic.fna",
      "fileType": "GENOMIC_NUCLEOTIDE_FASTA"
    },
    {
      "filePath": "GCA_900004945.1/sequence_report.jsonl",
      "fileType": "SEQUENCE_REPORT"
    }
  ]
},{
  "accession": "GCA_900005085.1",
  "files": [
    {
      "filePath": "GCA_900005085.1/GCA_900005085.1_A_England_690_2010_genomic.fna",
      "fileType": "GENOMIC_NUCLEOTIDE_FASTA"
    },
    {
      "filePath": "GCA_900005085.1/sequence_report.jsonl",
      "fileType": "SEQUENCE_REPORT"
    }
  ]
},{
  "accession": "GCA_900005115.1",
  "files": [
    {
      "filePath": "GCA_900005115.1/GCA_900005115.1_A_England_WTSI1751_2010_genomic.fna",
      "fileType": "GENOMIC_NUCLEOTIDE_FASTA"
    },
    {
      "filePath": "GCA_900005115.1/sequence_report.jsonl",
      "fileType": "SEQUENCE_REPORT"
    }
  ]
},{
  "accession": "GCA_900005905.1",
  "files": [
    {
      "filePath": "GCA_900005905.1/GCA_900005905.1_A_England_05140176_2010_genomic.fna",
      "fileType": "GENOMIC_NUCLEOTIDE_FASTA"
    },
    {
      "filePath": "GCA_900005905.1/sequence_report.jsonl",
      "fileType": "SEQUENCE_REPORT"
    }
  ]
},{
  "accession": "GCA_900005915.1",
  "files": [
    {
      "filePath": "GCA_900005915.1/GCA_900005915.1_A_England_05140283_2010_genomic.fna",
      "fileType": "GENOMIC_NUCLEOTIDE_FASTA"
    },
    {
      "filePath": "GCA_900005915.1/sequence_report.jsonl",
      "fileType": "SEQUENCE_REPORT"
    }
  ]
},{
  "accession": "GCA_900006035.1",
  "files": [
    {
      "filePath": "GCA_900006035.1/GCA_900006035.1_A_England_283_2010_genomic.fna",
      "fileType": "GENOMIC_NUCLEOTIDE_FASTA"
    },
    {
      "filePath": "GCA_900006035.1/sequence_report.jsonl",
      "fileType": "SEQUENCE_REPORT"
    }
  ]
},{
  "accession": "GCA_900006335.1",
  "files": [
    {
      "filePath": "GCA_900006335.1/GCA_900006335.1_A_England_686_2010_genomic.fna",
      "fileType": "GENOMIC_NUCLEOTIDE_FASTA"
    },
    {
      "filePath": "GCA_900006335.1/sequence_report.jsonl",
      "fileType": "SEQUENCE_REPORT"
    }
  ]
},{
  "accession": "GCA_900007775.1",
  "files": [
    {
      "filePath": "GCA_900007775.1/GCA_900007775.1_A_England_10740691_2011_genomic.fna",
      "fileType": "GENOMIC_NUCLEOTIDE_FASTA"
    },
    {
      "filePath": "GCA_900007775.1/sequence_report.jsonl",
      "fileType": "SEQUENCE_REPORT"
    }
  ]
},{
  "accession": "GCA_900007785.1",
  "files": [
    {
      "filePath": "GCA_900007785.1/GCA_900007785.1_A_England_01180017_2010_genomic.fna",
      "fileType": "GENOMIC_NUCLEOTIDE_FASTA"
    },
    {
      "filePath": "GCA_900007785.1/sequence_report.jsonl",
      "fileType": "SEQUENCE_REPORT"
    }
  ]
},{
  "accession": "GCA_900009845.1",
  "files": [
    {
      "filePath": "GCA_900009845.1/GCA_900009845.1_A_England_WTSI2076_2010_genomic.fna",
      "fileType": "GENOMIC_NUCLEOTIDE_FASTA"
    },
    {
      "filePath": "GCA_900009845.1/sequence_report.jsonl",
      "fileType": "SEQUENCE_REPORT"
    }
  ]
},{
  "accession": "GCA_900016655.1",
  "files": [
    {
      "filePath": "GCA_900016655.1/GCA_900016655.1_A_England_12240607_2010_genomic.fna",
      "fileType": "GENOMIC_NUCLEOTIDE_FASTA"
    },
    {
      "filePath": "GCA_900016655.1/sequence_report.jsonl",
      "fileType": "SEQUENCE_REPORT"
    }
  ]
},{
  "accession": "GCA_900016665.1",
  "files": [
    {
      "filePath": "GCA_900016665.1/GCA_900016665.1_A_England_283_2010_genomic.fna",
      "fileType": "GENOMIC_NUCLEOTIDE_FASTA"
    },
    {
      "filePath": "GCA_900016665.1/sequence_report.jsonl",
      "fileType": "SEQUENCE_REPORT"
    }
  ]
},{
  "accession": "GCA_900019215.1",
  "files": [
    {
      "filePath": "GCA_900019215.1/GCA_900019215.1_A_England_05120013_2010_genomic.fna",
      "fileType": "GENOMIC_NUCLEOTIDE_FASTA"
    },
    {
      "filePath": "GCA_900019215.1/sequence_report.jsonl",
      "fileType": "SEQUENCE_REPORT"
    }
  ]
},{
  "accession": "GCA_900019225.1",
  "files": [
    {
      "filePath": "GCA_900019225.1/GCA_900019225.1_A_England_05140216_2010_genomic.fna",
      "fileType": "GENOMIC_NUCLEOTIDE_FASTA"
    },
    {
      "filePath": "GCA_900019225.1/sequence_report.jsonl",
      "fileType": "SEQUENCE_REPORT"
    }
  ]
}]}
