Organism Scientific Name	Organism Common Name	Organism Qualifier	Taxonomy id	Assembly Name	Assembly Accession	Source	Annotation	Level	Contig N50	Size	Submission Date	Gene Count	BioProject	BioSample
Influenza A virus (A/Hong Kong/1073/99(H9N2))			130760	ViralMultiSegProj14892	GCA_000851145.1	GenBank	INSDC Submitter	Complete Genome	2225	13498	2000-06-30	10		SAMEA3283062
Influenza A virus (A/goose/Guangdong/1/1996(H5N1))		strain: A/Goose/Guangdong/1/96(H5N1)	93838	ViralMultiSegProj15617	GCA_000864105.1	GenBank	INSDC Submitter	Complete Genome	2233	13590	1999-08-31	8		
Influenza A virus (A/New York/392/2004(H3N2))		strain: A/New York/392/2004	335341	ViralMultiSegProj15622	GCA_000865085.1	GenBank	INSDC Submitter	Complete Genome	2233	13627	2005-08-01	12		
Influenza A virus (A/Puerto Rico/8/1934(H1N1))			211044	ViralMultiSegProj15521	GCA_000865725.1	GenBank		Complete Genome	2233	13588	1982-11-03			
Influenza A virus (A/Korea/426/1968(H2N2))		isolate: A/Korea/426/68, strain: A/Korea/426/68	488241	ViralMultiSegProj15620	GCA_000866645.1	GenBank	INSDC Submitter	Complete Genome	2233	13460	1993-08-02	5		
Influenza A virus (A/Shanghai/02/2013(H7N9))		strain: A/Shanghai/02/2013	1332244	ViralMultiSegProj274585	GCA_000928555.1	GenBank	INSDC Submitter	Complete Genome	2176	13191	2013-05-15	12		
Influenza A virus (A/England/8/2009(H1N1))		strain: A/England/8/2009	1645787	A/England/8/2010	GCA_000986055.1	GenBank	INSDC Submitter	Complete Genome	2151	13133	2015-04-24	11	PRJEB8717	SAMEA3293238
Influenza A virus (A/England/12/2010(H1N1))		strain: A/England/12/2010	1645777	A/England/12/2010	GCA_000986075.1	GenBank	INSDC Submitter	Complete Genome	2151	13133	2015-04-24	11	PRJEB8717	SAMEA3295933
Influenza A virus (A/England/251/2010(H1N1))		strain: A/England/251/2010	1645788	A/England/251/2011	GCA_000986095.1	GenBank	INSDC Submitter	Complete Genome	2151	13133	2015-04-24	11	PRJEB8717	SAMEA3298783
Influenza A virus (A/England/05120003/2010(H1N1))		strain: A/England/05120003/2010	1645851	A/England/05120003/2010	GCA_000986115.1	GenBank	INSDC Submitter	Complete Genome	2151	13133	2015-04-29	11	PRJEB8717	SAMEA3295967
Influenza A virus (A/England/697/2010(H1N1))		strain: A/England/697/2010	1645807	A/England/697/2010	GCA_000986135.1	GenBank	INSDC Submitter	Complete Genome	2151	13133	2015-04-29	11	PRJEB8717	SAMEA3294265
Influenza A virus (A/England/01180016/2010(H1N1))		strain: A/England/01180016/2010	1645866	A/England/01180016/2009	GCA_000986155.1	GenBank	INSDC Submitter	Complete Genome	2151	13136	2015-04-29	11	PRJEB8717	SAMEA3295978
Influenza A virus (A/England/10740707/2011(H1N1))		strain: A/England/10740707/2011	1645799	A/England/10740707/2011	GCA_000986175.1	GenBank	INSDC Submitter	Complete Genome	2151	13133	2015-04-29	11	PRJEB8717	SAMEA3299098
Influenza A virus (A/England/05040138/2010(H1N1))		strain: A/England/05040138/2010	1645854	A/England/05040138/2010	GCA_000986195.1	GenBank	INSDC Submitter	Complete Genome	2151	13133	2015-04-29	11	PRJEB8717	SAMEA3299087
Influenza A virus (A/England/05100298/2010(H1N1))		strain: A/England/05100298/2010	1645845	A/England/05100298/2010	GCA_000986215.1	GenBank	INSDC Submitter	Complete Genome	2151	13133	2015-04-29	11	PRJEB8717	SAMEA3295937
Influenza A virus (A/England/01220736/2010(H1N1))		strain: A/England/01220736/2010	1645864	A/England/01220736/2009	GCA_000986235.1	GenBank	INSDC Submitter	Complete Genome	2151	13133	2015-04-29	11	PRJEB8717	SAMEA3299516
Influenza A virus (A/England/676/2010(H1N1))		strain: A/England/676/2010	1645802	A/England/676/2010	GCA_000986255.1	GenBank	INSDC Submitter	Complete Genome	2151	13133	2015-04-29	11	PRJEB8717	SAMEA3293241
Influenza A virus (A/England/446/2010(H1N1))		strain: A/England/446/2010	1645790	A/England/446/2010	GCA_000986275.1	GenBank	INSDC Submitter	Complete Genome	2151	13133	2015-04-29	11	PRJEB8717	SAMEA3298788
Influenza A virus (A/England/245/2010(H1N1))		strain: A/England/245/2010	1645865	A/England/245/2011	GCA_000986295.1	GenBank	INSDC Submitter	Complete Genome	2151	13133	2015-04-29	11	PRJEB8717	SAMEA3295977
Influenza A virus (A/England/WTSI1832/2010(H1N1))		strain: A/England/WTSI1832/2010	1645877	A/England/WTSI1832/2010	GCA_000986315.1	GenBank	INSDC Submitter	Complete Genome	2151	13133	2015-04-29	11	PRJEB8717	SAMEA3299522
Influenza A virus (A/England/675/2010(H1N1))		strain: A/England/675/2010	1645844	A/England/675/2010	GCA_000986335.1	GenBank	INSDC Submitter	Complete Genome	2151	13133	2015-04-29	11	PRJEB8717	SAMEA3295936
Influenza A virus (A/England/701/2010(H1N1))		strain: A/England/701/2010	1645803	A/England/701/2010	GCA_000986355.1	GenBank	INSDC Submitter	Complete Genome	2151	13133	2015-04-29	11	PRJEB8717	SAMEA3299514
Influenza A virus (A/England/331/2010(H1N1))		strain: A/England/331/2010	1645782	A/England/331/2010	GCA_000986375.1	GenBank	INSDC Submitter	Complete Genome	2151	13133	2015-04-29	11	PRJEB8717	SAMEA3293243
Influenza A virus (A/England/WTSI1778/2009(H1N1))		strain: A/England/WTSI1778/2009	1645792	A/England/WTSI1778/2009	GCA_000986395.1	GenBank	INSDC Submitter	Complete Genome	2151	13133	2015-04-29	11	PRJEB8717	SAMEA3299085
Influenza A virus (A/England/WTSI1822/2011(H1N1))		strain: A/England/WTSI1822/2011	1645808	A/England/WTSI1822/2011	GCA_000986415.1	GenBank	INSDC Submitter	Chromosome	2151	13133	2015-04-29	11	PRJEB8717	SAMEA3293245
Influenza A virus (A/England/10820742/2010(H1N1))		strain: A/England/10820742/2010	1645869	A/England/10820742/2010	GCA_000986435.1	GenBank	INSDC Submitter	Complete Genome	2151	13133	2015-04-29	11	PRJEB8717	SAMEA3294261
Influenza A virus (A/England/10740571/2010(H1N1))		strain: A/England/10740571/2010	1645776	A/England/10740571/2010	GCA_000986455.1	GenBank	INSDC Submitter	Complete Genome	2151	13133	2015-04-29	11	PRJEB8717	SAMEA3294270
Influenza A virus (A/England/05020665/2010(H1N1))		strain: A/England/05020665/2010	1645798	A/England/05020665/2010	GCA_000986475.1	GenBank	INSDC Submitter	Complete Genome	2151	13133	2015-04-29	11	PRJEB8717	SAMEA3299097
Influenza A virus (A/England/671/2010(H1N1))		strain: A/England/671/2010	1645800	A/England/671/2010	GCA_000986495.1	GenBank	INSDC Submitter	Complete Genome	2151	13133	2015-04-29	11	PRJEB8717	SAMEA3293240
Influenza A virus (A/England/9/2009(H1N1))		strain: A/England/9/2009	1645783	A/England/9/2010	GCA_000986515.1	GenBank	INSDC Submitter	Complete Genome	2151	13133	2015-04-29	11	PRJEB8717	SAMEA3293244
Influenza A virus (A/England/10740579/2010(H1N1))		strain: A/England/10740579/2010	1645801	A/England/10740579/2010	GCA_000986535.1	GenBank	INSDC Submitter	Complete Genome	2151	13133	2015-04-29	11	PRJEB8717	SAMEA3295976
Influenza A virus (A/England/32/2010(H1N1))		strain: A/England/32/2010	1645796	A/England/32/2010	GCA_000986555.1	GenBank	INSDC Submitter	Complete Genome	2151	13133	2015-04-29	11	PRJEB8717	SAMEA3299095
Influenza A virus (A/England/00380719/2010(H1N1))		strain: A/England/00380719/2010	1645871	A/England/00380719/2010	GCA_000986575.1	GenBank	INSDC Submitter	Complete Genome	2151	13133	2015-04-29	11	PRJEB8717	SAMEA3293242
Influenza A virus (A/England/00380718/2010(H1N1))		strain: A/England/00380718/2010	1645883	A/England/00380718/2010	GCA_000986595.1	GenBank	INSDC Submitter	Complete Genome	2151	13136	2015-04-29	11	PRJEB8717	SAMEA3294272
Influenza A virus (A/England/673/2010(H1N1))		strain: A/England/673/2010	1645810	A/England/673/2010	GCA_000986615.1	GenBank	INSDC Submitter	Complete Genome	2151	13133	2015-04-29	11	PRJEB8717	SAMEA3299518
Influenza A virus (A/England/719/2010(H1N1))		strain: A/England/719/2010	1645826	A/England/719/2010	GCA_001006685.1	GenBank	INSDC Submitter	Complete Genome	2151	13133	2015-04-30	11	PRJEB8717	SAMEA3299976
Influenza A virus (A/England/10/2010(H1N1))		strain: A/England/10/2010	1645830	A/England/10/2010	GCA_001006725.1	GenBank	INSDC Submitter	Complete Genome	2151	13133	2015-04-30	11	PRJEB8717	SAMEA3299980
Influenza A virus (A/England/10740685/2010(H1N1))		strain: A/England/10740685/2010	1645841	A/England/10740685/2010	GCA_001006745.1	GenBank	INSDC Submitter	Complete Genome	2151	13133	2015-04-30	11	PRJEB8717	SAMEA3294445
Influenza A virus (A/England/343/2010(H1N1))		strain: A/England/343/2010	1645846	A/England/343/2010	GCA_001006825.1	GenBank	INSDC Submitter	Complete Genome	2151	13133	2015-04-30	11	PRJEB8717	SAMEA3295964
Influenza A virus (A/England/677/2010(H1N1))		strain: A/England/677/2010	1645823	A/England/677/2010	GCA_001006845.1	GenBank	INSDC Submitter	Complete Genome	2151	13133	2015-04-30	11	PRJEB8717	SAMEA3294437
Influenza A virus (A/England/10740704/2011(H1N1))		strain: A/England/10740704/2011	1645819	A/England/10740704/2011	GCA_001006865.1	GenBank	INSDC Submitter	Complete Genome	2151	13133	2015-04-30	11	PRJEB8717	SAMEA3294277
Influenza A virus (A/England/WTSI1781/2011(H1N1))		strain: A/England/WTSI1781/2011	1645853	A/England/WTSI1781/2011	GCA_001006885.1	GenBank	INSDC Submitter	Complete Genome	2151	13133	2015-04-30	11	PRJEB8717	SAMEA3299086
Influenza A virus (A/England/05160420/2010(H1N1))		strain: A/England/05160420/2010	1645825	A/England/05160420/2010	GCA_001006905.1	GenBank	INSDC Submitter	Complete Genome	2151	13133	2015-04-30	11	PRJEB8717	SAMEA3299529
Influenza A virus (A/England/WTSI2051/2011(H1N1))		strain: A/England/WTSI2051/2011	1645885	A/England/WTSI2051/2011	GCA_001006925.1	GenBank	INSDC Submitter	Complete Genome	2151	13133	2015-04-30	11	PRJEB8717	SAMEA3299975
Influenza A virus (A/England/29/2010(H1N1))		strain: A/England/29/2010	1645784	A/England/29/2010	GCA_001013605.1	GenBank	INSDC Submitter	Complete Genome	2151	13133	2015-05-20	11	PRJEB8717	SAMEA3298780
Influenza A virus (A/England/468/2010(H1N1))		strain: A/England/468/2010	1645786	A/England/468/2010	GCA_001013625.1	GenBank	INSDC Submitter	Complete Genome	2151	13133	2015-05-20	11	PRJEB8717	SAMEA3295932
Influenza A virus (A/England/05020662/2010(H1N1))		strain: A/England/05020662/2010	1645795	A/England/05020662/2010	GCA_001013645.1	GenBank	INSDC Submitter	Complete Genome	2151	13133	2015-05-20	11	PRJEB8717	SAMEA3299089
Influenza A virus (A/England/10740571/2010(H1N1))		strain: A/England/10740571/2010	1645776	A/England/10740571/2010	GCA_001013665.1	GenBank	INSDC Submitter	Complete Genome	2151	13133	2015-05-20	11	PRJEB8717	SAMEA3298774
Influenza A virus (A/England/00380710/2010(H1N1))		strain: A/England/00380710/2010	1645794	A/England/00380710/2010	GCA_001013685.1	GenBank	INSDC Submitter	Complete Genome	2151	13133	2015-05-20	11	PRJEB8717	SAMEA3295971
Influenza A virus (A/England/WTSI1807/2010(H1N1))		strain: A/England/WTSI1807/2010	1645804	A/England/WTSI1807/2010	GCA_001013705.1	GenBank	INSDC Submitter	Complete Genome	2151	13133	2015-05-20	11	PRJEB8717	SAMEA3299515
Influenza A virus (A/England/11/2010(H1N1))		strain: A/England/11/2010	1645805	A/England/11/2010	GCA_001013725.1	GenBank	INSDC Submitter	Complete Genome	2151	13133	2015-05-21	11	PRJEB8717	SAMEA3294263
Influenza A virus (A/England/WTSI1769/2010(H1N1))		strain: A/England/WTSI1769/2010	1645781	A/England/WTSI1769/2010	GCA_001013745.1	GenBank	INSDC Submitter	Complete Genome	2151	13133	2015-05-20	11	PRJEB8717	SAMEA3298786
Influenza A virus (A/England/10740664/2011(H1N1))		strain: A/England/10740664/2011	1645780	A/England/10740664/2011	GCA_001013765.1	GenBank	INSDC Submitter	Complete Genome	2151	13133	2015-05-20	11	PRJEB8717	SAMEA3295935
Influenza A virus (A/England/21680633/2010(H1N1))		strain: A/England/21680633/2010	1645806	A/England/21680633/2010	GCA_001013785.1	GenBank	INSDC Submitter	Complete Genome	2151	13133	2015-05-21	11	PRJEB8717	SAMEA3294264
Influenza A virus (A/England/688/2010(H1N1))		strain: A/England/688/2010	1645778	A/England/688/2010	GCA_001013805.1	GenBank	INSDC Submitter	Complete Genome	2151	13133	2015-05-20	11	PRJEB8717	SAMEA3295934
Influenza A virus (A/England/05100297/2010(H1N1))		strain: A/England/05100297/2010	1645793	A/England/05100297/2010	GCA_001013825.1	GenBank	INSDC Submitter	Complete Genome	2151	13133	2015-05-20	11	PRJEB8717	SAMEA3295970
Influenza A virus (A/England/687/2010(H1N1))		strain: A/England/687/2010	1645789	A/England/687/2010	GCA_001013845.1	GenBank	INSDC Submitter	Complete Genome	2151	13133	2015-05-20	11	PRJEB8717	SAMEA3298787
Influenza A virus (A/England/10740688/2010(H1N1))		strain: A/England/10740688/2010	1645791	A/England/10740688/2010	GCA_001013865.1	GenBank	INSDC Submitter	Complete Genome	2151	13133	2015-05-20	11	PRJEB8717	SAMEA3299083
Influenza A virus (A/England/10820733/2010(H1N1))		strain: A/England/10820733/2010	1645779	A/England/10820733/2010	GCA_001013885.1	GenBank	INSDC Submitter	Complete Genome	2151	13133	2015-05-20	11	PRJEB8717	SAMEA3298784
Influenza A virus (A/England/717/2010(H1N1))		strain: A/England/717/2010	1645797	A/England/717/2010	GCA_001013925.1	GenBank	INSDC Submitter	Complete Genome	2151	13133	2015-05-20	11	PRJEB8717	SAMEA3295972
Influenza A virus (A/England/694/2010(H1N1))		strain: A/England/694/2010	1645785	A/England/694/2010	GCA_001013945.1	GenBank	INSDC Submitter	Complete Genome	2151	13133	2015-05-20	11	PRJEB8717	SAMEA3298781
Influenza A virus (A/England/688/2010(H1N1))		strain: A/England/688/2010	1645778	A/England/688/2010	GCA_001013965.1	GenBank	INSDC Submitter	Complete Genome	2151	13133	2015-05-21	11	PRJEB8717	SAMEA3296957
Influenza A virus (A/England/01180007/2010(H1N1))		strain: A/England/01180007/2010	1645818	A/England/01180007/2010	GCA_001014005.1	GenBank	INSDC Submitter	Complete Genome	2151	13133	2015-05-21	11	PRJEB8717	SAMEA3294275
Influenza A virus (A/England/692/2010(H1N1))		strain: A/England/692/2010	1645812	A/England/692/2010	GCA_001014025.1	GenBank	INSDC Submitter	Complete Genome	2151	13133	2015-05-21	11	PRJEB8717	SAMEA3299524
Influenza A virus (A/England/132/2011(H1N1))		strain: A/England/132/2011	1645811	A/England/132/2011	GCA_001014045.1	GenBank	INSDC Submitter	Complete Genome	2151	13133	2015-05-21	11	PRJEB8717	SAMEA3299519
Influenza A virus (A/England/00380709/2010(H1N1))		strain: A/England/00380709/2010	1645815	A/England/00380709/2010	GCA_001014065.1	GenBank	INSDC Submitter	Complete Genome	2151	13136	2015-05-21	11	PRJEB8717	SAMEA3299525
Influenza A virus (A/England/04980053/2010(H1N1))		strain: A/England/04980053/2010	1645824	A/England/04980053/2010	GCA_001014085.1	GenBank	INSDC Submitter	Complete Genome	2151	13133	2015-05-21	11	PRJEB8717	SAMEA3299528
Influenza A virus (A/England/04900053/2010(H1N1))		strain: A/England/04900053/2010	1645817	A/England/04900053/2010	GCA_001014105.1	GenBank	INSDC Submitter	Complete Genome	2151	13133	2015-05-21	11	PRJEB8717	SAMEA3299526
Influenza A virus (A/England/11520759/2011(H1N1))		strain: A/England/11520759/2011	1645821	A/England/11520759/2011	GCA_001014125.1	GenBank	INSDC Submitter	Complete Genome	2151	13133	2015-05-21	11	PRJEB8717	SAMEA3294436
Influenza A virus (A/England/10820734/2010(H1N1))		strain: A/England/10820734/2010	1645820	A/England/10820734/2010	GCA_001014145.1	GenBank	INSDC Submitter	Complete Genome	2151	13133	2015-05-21	11	PRJEB8717	SAMEA3294435
Influenza A virus (A/England/WTSI1826/2010(H1N1))		strain: A/England/WTSI1826/2010	1645809	A/England/WTSI1826/2010	GCA_001014165.1	GenBank	INSDC Submitter	Complete Genome	2151	13133	2015-05-21	11	PRJEB8717	SAMEA3294269
Influenza A virus (A/England/10740561/2010(H1N1))		strain: A/England/10740561/2010	1645827	A/England/10740561/2010	GCA_001014185.1	GenBank	INSDC Submitter	Complete Genome	2151	13133	2015-05-21	11	PRJEB8717	SAMEA3299977
Influenza A virus (A/England/05020673/2010(H1N1))		strain: A/England/05020673/2010	1645814	A/England/05020673/2010	GCA_001014205.1	GenBank	INSDC Submitter	Complete Genome	2151	13133	2015-05-21	11	PRJEB8717	SAMEA3293247
Influenza A virus (A/England/01180018/2010(H1N1))		strain: A/England/01180018/2010	1645816	A/England/01180018/2010	GCA_001014225.1	GenBank	INSDC Submitter	Complete Genome	2151	13133	2015-05-21	11	PRJEB8717	SAMEA3294274
Influenza A virus (A/England/393/2010(H1N1))		strain: A/England/393/2010	1645822	A/England/393/2010	GCA_001014245.1	GenBank	INSDC Submitter	Complete Genome	2151	13133	2015-05-21	11	PRJEB8717	SAMEA3299527
Influenza A virus (A/England/377/2010(H1N1))		strain: A/England/377/2010	1645813	A/England/377/2010	GCA_001014265.1	GenBank	INSDC Submitter	Complete Genome	2151	13133	2015-05-21	11	PRJEB8717	SAMEA3294271
Influenza A virus (A/England/12240612/2010(H1N1))		strain: A/England/12240612/2010	1645828	A/England/12240612/2010	GCA_001039805.1	GenBank	INSDC Submitter	Complete Genome	2151	13133	2015-06-19	11	PRJEB8717	SAMEA3299978
Influenza A virus (A/England/10740681/2010(H1N1))		strain: A/England/10740681/2010	1645829	A/England/10740681/2010	GCA_001039825.1	GenBank	INSDC Submitter	Complete Genome	2151	13133	2015-06-19	11	PRJEB8717	SAMEA3299979
Influenza A virus (A/England/WTSI2060/2010(H1N1))		strain: A/England/WTSI2060/2010	1645831	A/England/WTSI2060/2010	GCA_001039845.1	GenBank	INSDC Submitter	Complete Genome	2151	13133	2015-06-19	11	PRJEB8717	SAMEA3299981
Influenza A virus (A/England/700/2010(H1N1))		strain: A/England/700/2010	1645832	A/England/700/2010	GCA_001039865.1	GenBank	INSDC Submitter	Chromosome	1701	13133	2015-06-19	11	PRJEB8717	SAMEA3299982
Influenza A virus (A/England/10740581/2010(H1N1))		strain: A/England/10740581/2010	1645868	A/England/10740581/2010	GCA_001291385.1	GenBank	INSDC Submitter	Complete Genome	2151	13133	2015-06-30	11	PRJEB8717	SAMEA3299517
Influenza A virus (A/England/WTSI1774/2010(H1N1))		strain: A/England/WTSI1774/2010	1645848	A/England/WTSI1774/2010	GCA_001291405.1	GenBank	INSDC Submitter	Complete Genome	2151	13133	2015-06-30	11	PRJEB8717	SAMEA3298789
Influenza A virus (A/England/374/2010(H1N1))		strain: A/England/374/2010	1645840	A/England/374/2010	GCA_001291425.1	GenBank	INSDC Submitter	Complete Genome	2151	13133	2015-06-30	11	PRJEB8717	SAMEA3295974
Influenza A virus (A/California/07/2009(H1N1))		strain: A/California/07/2009	641809	ViralMultiSegProj274766	GCA_001343785.1	GenBank	INSDC Submitter	Complete Genome	2151	13158	2009-05-04	11	PRJNA37813	
Influenza A virus (A/England/718/2010(H1N1))			1645881	A_England_718_2010	GCA_900004335.1	GenBank	INSDC Submitter	Complete Genome	2151	13133	2015-06-30	11	PRJEB8717	SAMEA3293249
Influenza A virus (A/England/672/2010(H1N1))			1645887	A_England_672_2010	GCA_900004345.1	GenBank	INSDC Submitter	Complete Genome	2151	13133	2015-06-30	11	PRJEB8717	SAMEA3299985
Influenza A virus (A/England/12240614/2011(H1N1))			1645860	A_England_12240614_2011	GCA_900004365.1	GenBank	INSDC Submitter	Complete Genome	2151	13133	2015-06-30	11	PRJEB8717	SAMEA3299094
Influenza A virus (A/England/01220741/2010(H1N1))			1645852	A_England_01220741_2010	GCA_900004375.1	GenBank	INSDC Submitter	Complete Genome	2151	13133	2015-06-30	11	PRJEB8717	SAMEA3295968
Influenza A virus (A/England/01220639/2009(H1N1))			1645875	A_England_01220639_2009	GCA_900004385.1	GenBank	INSDC Submitter	Complete Genome	2151	13133	2015-06-30	11	PRJEB8717	SAMEA3299520
Influenza A virus (A/England/05140281/2010(H1N1))			1645843	A_England_05140281_2010	GCA_900004425.1	GenBank	INSDC Submitter	Complete Genome	2151	13133	2015-06-30	11	PRJEB8717	SAMEA3298782
Influenza A virus (A/England/05080637/2010(H1N1))			1645833	A_England_05080637_2010	GCA_900004435.1	GenBank	INSDC Submitter	Complete Genome	2151	13133	2015-06-30	11	PRJEB8717	SAMEA3299983
Influenza A virus (A/England/05100660/2010(H1N1))			1645890	A_England_05100660_2010	GCA_900004445.1	GenBank	INSDC Submitter	Complete Genome	2151	13133	2015-06-30	11	PRJEB8717	SAMEA3294444
Influenza A virus (A/England/05140856/2010(H1N1))			1645882	A_England_05140856_2010	GCA_900004455.1	GenBank	INSDC Submitter	Complete Genome	2151	13133	2015-06-30	11	PRJEB8717	SAMEA3293250
Influenza A virus (A/England/WTSI1783/2010(H1N1))			1645855	A_England_WTSI1783_2009	GCA_900004465.1	GenBank	INSDC Submitter	Complete Genome	2151	13136	2015-06-30	11	PRJEB8717	SAMEA3295969
Influenza A virus (A/England/04980055/2010(H1N1))			1645870	A_England_04980055_2010	GCA_900004475.1	GenBank	INSDC Submitter	Complete Genome	2151	13133	2015-06-30	11	PRJEB8717	SAMEA3294262
Influenza A virus (A/England/04980045/2010(H1N1))			1645891	A_England_04980045_2010	GCA_900004485.1	GenBank	INSDC Submitter	Complete Genome	2151	13133	2015-06-30	11	PRJEB8717	SAMEA3300462
Influenza A virus (A/England/10740690/2011(H1N1))			1645889	A_England_10740690_2011	GCA_900004495.1	GenBank	INSDC Submitter	Complete Genome	2151	13133	2015-06-30	11	PRJEB8717	SAMEA3294443
Influenza A virus (A/England/414/2010(H1N1))			1645850	A_England_414_2010	GCA_900004505.1	GenBank	INSDC Submitter	Complete Genome	2151	13133	2015-06-30	11	PRJEB8717	SAMEA3299084
Influenza A virus (A/England/05100301/2010(H1N1))			1645886	A_England_05100301_2010	GCA_900004515.1	GenBank	INSDC Submitter	Complete Genome	2151	13133	2015-06-30	11	PRJEB8717	SAMEA3294440
Influenza A virus (A/England/213/2011(H1N1))			1645838	A_England_213_2011	GCA_900004525.1	GenBank	INSDC Submitter	Complete Genome	2151	13133	2015-06-30	11	PRJEB8717	SAMEA3299990
Influenza A virus (A/England/05140847/2010(H1N1))			1645880	A_England_05140847_2010	GCA_900004535.1	GenBank	INSDC Submitter	Complete Genome	2151	13133	2015-06-30	11	PRJEB8717	SAMEA3293248
Influenza A virus (A/England/689/2010(H1N1))			1645884	A_England_689_2010	GCA_900004555.1	GenBank	INSDC Submitter	Complete Genome	2151	13133	2015-06-30	11	PRJEB8717	SAMEA3294276
Influenza A virus (A/England/10740623/2011(H1N1))			1645858	A_England_10740623_2011	GCA_900004575.1	GenBank	INSDC Submitter	Complete Genome	2151	13133	2015-06-30	11	PRJEB8717	SAMEA3299092
Influenza A virus (A/England/05140177/2010(H1N1))			1645873	A_England_05140177_2010	GCA_900004585.1	GenBank	INSDC Submitter	Complete Genome	2151	13133	2015-06-30	11	PRJEB8717	SAMEA3294267
Influenza A virus (A/England/01220740/2010(H1N1))			1645872	A_England_01220740_2010	GCA_900004595.1	GenBank	INSDC Submitter	Complete Genome	2151	13133	2015-06-30	11	PRJEB8717	SAMEA3294266
Influenza A virus (A/England/05000088/2010(H1N1))			1230200	A_England_05000088_2010	GCA_900004605.1	GenBank	INSDC Submitter	Complete Genome	2151	13133	2015-06-30	11	PRJEB8717	SAMEA3298785
Influenza A virus (A/England/01580005/2010(H1N1))			1645847	A_England_01580005_2010	GCA_900004675.1	GenBank	INSDC Submitter	Complete Genome	2151	13133	2015-06-30	11	PRJEB8717	SAMEA3295965
Influenza A virus (A/England/10740658/2011(H1N1))			1645861	A_England_10740658_2011	GCA_900004725.1	GenBank	INSDC Submitter	Complete Genome	2151	13133	2015-06-30	11	PRJEB8717	SAMEA3295973
Influenza A virus (A/England/05080831/2010(H1N1))			1645859	A_England_05080831_2010	GCA_900004745.1	GenBank	INSDC Submitter	Complete Genome	2151	13133	2015-06-30	11	PRJEB8717	SAMEA3299093
Influenza A virus (A/England/01180011/2010(H1N1))			1645893	A_England_01180011_2010	GCA_900004765.1	GenBank	INSDC Submitter	Complete Genome	2151	13133	2015-06-30	11	PRJEB8717	SAMEA3300464
Influenza A virus (A/England/01580003/2010(H1N1))			1645834	A_England_01580003_2010	GCA_900004775.1	GenBank	INSDC Submitter	Complete Genome	2151	13136	2015-06-30	11	PRJEB8717	SAMEA3299984
Influenza A virus (A/England/WTSI2067/2010(H1N1))			1645836	A_England_WTSI2067_2010	GCA_900004805.1	GenBank	INSDC Submitter	Complete Genome	2151	13133	2015-06-30	11	PRJEB8717	SAMEA3299987
Influenza A virus (A/England/04860560/2010(H1N1))			1645862	A_England_04860560_2010	GCA_900004815.1	GenBank	INSDC Submitter	Complete Genome	2151	13133	2015-06-30	11	PRJEB8717	SAMEA3295975
Influenza A virus (A/England/665/2010(H1N1))			1645856	A_England_665_2010	GCA_900004835.1	GenBank	INSDC Submitter	Complete Genome	2151	13133	2015-06-30	11	PRJEB8717	SAMEA3299088
Influenza A virus (A/England/01180015/2010(H1N1))			1645857	A_England_01180015_2010	GCA_900004875.1	GenBank	INSDC Submitter	Complete Genome	2151	13133	2015-06-30	11	PRJEB8717	SAMEA3299091
Influenza A virus (A/England/04980653/2010(H1N1))			1645894	A_England_04980653_2010	GCA_900004935.1	GenBank	INSDC Submitter	Complete Genome	2151	13133	2015-06-30	11	PRJEB8717	SAMEA3294446
Influenza A virus (A/England/10740693/2011(H1N1))			1645867	A_England_10740693_2011	GCA_900004945.1	GenBank	INSDC Submitter	Complete Genome	2151	13133	2015-06-30	11	PRJEB8717	SAMEA3295979
Influenza A virus (A/England/690/2010(H1N1))			1645849	A_England_690_2010	GCA_900005085.1	GenBank	INSDC Submitter	Complete Genome	2151	13133	2015-06-30	11	PRJEB8717	SAMEA3295966
Influenza A virus (A/England/WTSI1751/2010(H1N1))			1645842	A_England_WTSI1751_2010	GCA_900005115.1	GenBank	INSDC Submitter	Complete Genome	2151	13133	2015-06-30	11	PRJEB8717	SAMEA3295931
Influenza A virus (A/England/05140176/2010(H1N1))			1645839	A_England_05140176_2010	GCA_900005905.1	GenBank	INSDC Submitter	Complete Genome	2151	13133	2015-06-30	11	PRJEB8717	SAMEA3300461
Influenza A virus (A/England/05140283/2010(H1N1))			1645835	A_England_05140283_2010	GCA_900005915.1	GenBank	INSDC Submitter	Complete Genome	2151	13133	2015-06-30	11	PRJEB8717	SAMEA3294441
Influenza A virus (A/England/283/2010(H1N1))			1645837	A_England_283_2010	GCA_900006035.1	GenBank	INSDC Submitter	Complete Genome	2151	13133	2015-06-30	11	PRJEB8717	SAMEA3299986
Influenza A virus (A/England/686/2010(H1N1))			1645878	A_England_686_2010	GCA_900006335.1	GenBank	INSDC Submitter	Complete Genome	2151	13133	2015-06-30	11	PRJEB8717	SAMEA3299523
Influenza A virus (A/England/10740691/2011(H1N1))			1645879	A_England_10740691_2011	GCA_900007775.1	GenBank	INSDC Submitter	Complete Genome	2151	13133	2015-06-30	11	PRJEB8717	SAMEA3293246
Influenza A virus (A/England/01180017/2010(H1N1))			1645863	A_England_01180017_2010	GCA_900007785.1	GenBank	INSDC Submitter	Complete Genome	2151	13133	2015-06-30	11	PRJEB8717	SAMEA3296956
Influenza A virus (A/England/WTSI2076/2010(H1N1))			1645892	A_England_WTSI2076_2010	GCA_900009845.1	GenBank	INSDC Submitter	Complete Genome	2151	13133	2015-06-30	11	PRJEB8717	SAMEA3300463
Influenza A virus (A/England/12240607/2010(H1N1))			1645888	A_England_12240607_2010	GCA_900016655.1	GenBank	INSDC Submitter	Chromosome	1701	13133	2015-06-30	11	PRJEB8717	SAMEA3299988
Influenza A virus (A/England/283/2010(H1N1))			1645837	A_England_283_2010	GCA_900016665.1	GenBank	INSDC Submitter	Complete Genome	2151	13133	2015-06-30	11	PRJEB8717	SAMEA3299989
Influenza A virus (A/England/05120013/2010(H1N1))			1645874	A_England_05120013_2010	GCA_900019215.1	GenBank	INSDC Submitter	Complete Genome	2151	13133	2015-06-30	11	PRJEB8717	SAMEA3294268
Influenza A virus (A/England/05140216/2010(H1N1))			1645876	A_England_05140216_2010	GCA_900019225.1	GenBank	INSDC Submitter	Complete Genome	2151	13133	2015-06-30	11	PRJEB8717	SAMEA3299521
