Organism Scientific Name	Organism Common Name	Organism Qualifier	Taxonomy id	Assembly Name	Assembly Accession	Source	Annotation	Level	Contig N50	Size	Submission Date	Gene Count	BioProject	BioSample
Severe acute respiratory syndrome coronavirus 2			2697049	ASM985889v3	GCA_009858895.3	GenBank	INSDC Submitter	Complete Genome	29903	29903	2020-01-12	10		
Severe acute respiratory syndrome coronavirus 2			2697049	ASM993788v1	GCA_009937885.1	GenBank	INSDC Submitter	Complete Genome	29838	29838	2020-01-24	9		
Severe acute respiratory syndrome coronavirus 2			2697049	ASM993789v1	GCA_009937895.1	GenBank	INSDC Submitter	Complete Genome	29891	29891	2020-01-24	10		
Severe acute respiratory syndrome coronavirus 2			2697049	ASM993790v1	GCA_009937905.1	GenBank	INSDC Submitter	Complete Genome	29882	29882	2020-01-24	10		
Severe acute respiratory syndrome coronavirus 2			2697049	ASM993791v1	GCA_009937915.1	GenBank	INSDC Submitter	Complete Genome	29882	29882	2020-01-25	10		
Severe acute respiratory syndrome coronavirus 2			2697049	ASM993792v1	GCA_009937925.1	GenBank	INSDC Submitter	Complete Genome	29882	29882	2020-01-28	10		
Severe acute respiratory syndrome coronavirus 2			2697049	ASM993793v1	GCA_009937935.1	GenBank	INSDC Submitter	Complete Genome	29883	29883	2020-01-28	10		
Severe acute respiratory syndrome coronavirus 2			2697049	ASM993794v1	GCA_009937945.1	GenBank	INSDC Submitter	Complete Genome	29882	29882	2020-01-28	10		
Severe acute respiratory syndrome coronavirus 2			2697049	ASM993805v1	GCA_009938055.1	GenBank	INSDC Submitter	Complete Genome	29881	29881	2020-01-28	5		
Severe acute respiratory syndrome coronavirus 2			2697049	ASM993806v1	GCA_009938065.1	GenBank	INSDC Submitter	Complete Genome	29881	29881	2020-01-28	5		
Severe acute respiratory syndrome coronavirus 2			2697049	ASM994842v1	GCA_009948425.1	GenBank	INSDC Submitter	Complete Genome	29825	29825	2020-01-29	10		
Severe acute respiratory syndrome coronavirus 2			2697049	ASM994846v1	GCA_009948465.1	GenBank	INSDC Submitter	Complete Genome	29891	29891	2020-01-29	10		
Severe acute respiratory syndrome coronavirus 2			2697049	ASM994849v1	GCA_009948495.1	GenBank	INSDC Submitter	Complete Genome	29852	29852	2020-01-29	10		
Severe acute respiratory syndrome coronavirus 2			2697049	ASM994852v1	GCA_009948525.1	GenBank	INSDC Submitter	Complete Genome	29854	29854	2020-01-29	10		
Severe acute respiratory syndrome coronavirus 2			2697049	ASM994855v1	GCA_009948555.1	GenBank	INSDC Submitter	Complete Genome	29857	29857	2020-01-29	10		
Severe acute respiratory syndrome coronavirus 2			2697049	Australia/VIC01/2020	GCA_011536935.1	GenBank	INSDC Submitter	Complete Genome	29893	29893	2020-01-31	11	PRJNA613958	SAMN15366226
Severe acute respiratory syndrome coronavirus 2			2697049	IPBCAMS-WH-05	GCA_011536975.1	GenBank	INSDC Submitter	Complete Genome	29883	29883	2020-02-05	10		
Severe acute respiratory syndrome coronavirus 2			2697049	BetaCoV/Wuhan/IPBCAMS-WH-02/2019	GCA_011537005.1	GenBank	INSDC Submitter	Complete Genome	29899	29899	2020-02-05	10		
Severe acute respiratory syndrome coronavirus 2			2697049	BetaCoV/Wuhan/IPBCAMS-WH-02/2019	GCA_011537015.1	GenBank	INSDC Submitter	Complete Genome	29890	29890	2020-02-05	10		
Severe acute respiratory syndrome coronavirus 2			2697049	BetaCoV/Wuhan/IPBCAMS-WH-02/2019	GCA_011537065.1	GenBank	INSDC Submitter	Complete Genome	29889	29889	2020-02-05	10		
Severe acute respiratory syndrome coronavirus 2			2697049	ASM1153707v1	GCA_011537075.1	GenBank	INSDC Submitter	Complete Genome	29882	29882	2020-02-05	10		
Severe acute respiratory syndrome coronavirus 2			2697049	ASM1153708v1	GCA_011537085.1	GenBank	INSDC Submitter	Complete Genome	29882	29882	2020-02-05	10		
Severe acute respiratory syndrome coronavirus 2			2697049	BetaCoV/Wuhan/IPBCAMS-WH-01/2019	GCA_011537135.1	GenBank	INSDC Submitter	Complete Genome	29899	29899	2020-02-05	10		
Severe acute respiratory syndrome coronavirus 2			2697049	ASM1153714v1	GCA_011537145.1	GenBank	INSDC Submitter	Complete Genome	29882	29882	2020-02-07	10		
Severe acute respiratory syndrome coronavirus 2			2697049	ASM1153715v1	GCA_011537155.1	GenBank	INSDC Submitter	Complete Genome	29879	29879	2020-02-11	10		
Severe acute respiratory syndrome coronavirus 2			2697049	BetaCoV/Hangzhou/HZ-1/2020	GCA_011537225.1	GenBank	INSDC Submitter	Complete Genome	29833	29833	2020-02-11	10		
Severe acute respiratory syndrome coronavirus 2			2697049	BetaCoV/Korea/SNU01/2020	GCA_011537235.1	GenBank	INSDC Submitter	Complete Genome	29903	29903	2020-02-11	10		
Severe acute respiratory syndrome coronavirus 2			2697049	ASM1153726v1	GCA_011537265.1	GenBank	INSDC Submitter	Complete Genome	29882	29882	2020-02-11	10		
Severe acute respiratory syndrome coronavirus 2			2697049	ASM1153729v1	GCA_011537295.1	GenBank	INSDC Submitter	Complete Genome	29903	29903	2020-02-12	12		
Severe acute respiratory syndrome coronavirus 2			2697049	ASM1153732v1	GCA_011537325.1	GenBank	INSDC Submitter	Complete Genome	29858	29858	2020-02-12	10		
Severe acute respiratory syndrome coronavirus 2			2697049	ASM1153735v1	GCA_011537355.1	GenBank	INSDC Submitter	Complete Genome	29882	29882	2020-02-12	10		
Severe acute respiratory syndrome coronavirus 2			2697049	ASM1153736v1	GCA_011537365.1	GenBank	INSDC Submitter	Complete Genome	29870	29870	2020-02-14	10		
Severe acute respiratory syndrome coronavirus 2			2697049	ASM1153739v1	GCA_011537395.1	GenBank	INSDC Submitter	Complete Genome	29870	29870	2020-02-14	10		
Severe acute respiratory syndrome coronavirus 2			2697049	ASM1153742v1	GCA_011537425.1	GenBank	INSDC Submitter	Complete Genome	29811	29811	2020-02-18	10		
Severe acute respiratory syndrome coronavirus 2			2697049	SARS-CoV-2-Iso_01-Human-2020-02-07-Swe	GCA_011537455.1	GenBank	INSDC Submitter	Complete Genome	29886	29886	2020-02-21	10		
Severe acute respiratory syndrome coronavirus 2			2697049	ASM1153746v1	GCA_011537465.1	GenBank	INSDC Submitter	Complete Genome	29860	29860	2020-02-21	10		
Severe acute respiratory syndrome coronavirus 2			2697049	ASM1153747v1	GCA_011537475.1	GenBank	INSDC Submitter	Complete Genome	29882	29882	2020-02-24	10		
Severe acute respiratory syndrome coronavirus 2			2697049	ASM1153750v1	GCA_011537505.1	GenBank	INSDC Submitter	Complete Genome	29882	29882	2020-02-24	10		
Severe acute respiratory syndrome coronavirus 2			2697049	ASM1153751v1	GCA_011537515.1	GenBank	INSDC Submitter	Complete Genome	29882	29882	2020-02-24	10		
Severe acute respiratory syndrome coronavirus 2			2697049	ASM1153752v1	GCA_011537525.1	GenBank	INSDC Submitter	Complete Genome	29882	29882	2020-02-27	10		
Severe acute respiratory syndrome coronavirus 2			2697049	ASM1153755v1	GCA_011537555.1	GenBank	INSDC Submitter	Complete Genome	29882	29882	2020-02-28	10		
Severe acute respiratory syndrome coronavirus 2			2697049	ASM1153756v1	GCA_011537565.1	GenBank	INSDC Submitter	Complete Genome	29891	29891	2020-02-28	10		
Severe acute respiratory syndrome coronavirus 2			2697049	ASM1153761v1	GCA_011537615.1	GenBank	INSDC Submitter	Complete Genome	29923	29923	2020-02-28	10		
Severe acute respiratory syndrome coronavirus 2			2697049	ASM1153762v1	GCA_011537625.1	GenBank	INSDC Submitter	Complete Genome	29876	29876	2020-03-02	10		
Severe acute respiratory syndrome coronavirus 2			2697049	ASM1153769v1	GCA_011537695.1	GenBank		Complete Genome	29903	29903	2020-03-04			
Severe acute respiratory syndrome coronavirus 2			2697049	ASM1153770v1	GCA_011537705.1	GenBank		Complete Genome	29903	29903	2020-03-04			
Severe acute respiratory syndrome coronavirus 2			2697049	ASM1153771v1	GCA_011537715.1	GenBank	INSDC Submitter	Complete Genome	29878	29878	2020-03-05	10	PRJNA746979	SAMN20572657
Severe acute respiratory syndrome coronavirus 2			2697049	ASM1153778v1	GCA_011537785.1	GenBank	INSDC Submitter	Complete Genome	29854	29854	2020-03-06	10		
Severe acute respiratory syndrome coronavirus 2			2697049	ASM1153781v1	GCA_011537815.1	GenBank	INSDC Submitter	Complete Genome	29851	29851	2020-03-06	10		
Severe acute respiratory syndrome coronavirus 2			2697049	ASM1153782v2	GCA_011537825.2	GenBank	INSDC Submitter	Complete Genome	29882	29882	2020-03-09	10		
Severe acute respiratory syndrome coronavirus 2			2697049	ASM1153783v2	GCA_011537835.2	GenBank	INSDC Submitter	Complete Genome	29882	29882	2020-03-09	10		
Severe acute respiratory syndrome coronavirus 2			2697049	ASM1153786v2	GCA_011537865.2	GenBank	INSDC Submitter	Complete Genome	29882	29882	2020-03-09	10		
Severe acute respiratory syndrome coronavirus 2			2697049	ASM1153789v2	GCA_011537895.2	GenBank	INSDC Submitter	Complete Genome	29882	29882	2020-03-09	10		
Severe acute respiratory syndrome coronavirus 2			2697049	ASM1153794v2	GCA_011537945.2	GenBank	INSDC Submitter	Complete Genome	29882	29882	2020-03-09	10		
Severe acute respiratory syndrome coronavirus 2			2697049	ASM1153797v2	GCA_011537975.2	GenBank	INSDC Submitter	Complete Genome	29882	29882	2020-03-09	10		
Severe acute respiratory syndrome coronavirus 2			2697049	ASM1153798v2	GCA_011537985.2	GenBank	INSDC Submitter	Complete Genome	29882	29882	2020-03-09	10		
Severe acute respiratory syndrome coronavirus 2			2697049	ASM1153801v2	GCA_011538015.2	GenBank	INSDC Submitter	Complete Genome	29867	29867	2020-03-09	10		
Severe acute respiratory syndrome coronavirus 2			2697049	ASM1153802v2	GCA_011538025.2	GenBank	INSDC Submitter	Complete Genome	29882	29882	2020-03-09	10		
Severe acute respiratory syndrome coronavirus 2			2697049	ASM1153805v2	GCA_011538055.2	GenBank	INSDC Submitter	Complete Genome	29882	29882	2020-03-09	10		
Severe acute respiratory syndrome coronavirus 2			2697049	ASM1153810v2	GCA_011538105.2	GenBank	INSDC Submitter	Complete Genome	29882	29882	2020-03-09	10		
Severe acute respiratory syndrome coronavirus 2			2697049	ASM1154497v2	GCA_011544975.2	GenBank	INSDC Submitter	Complete Genome	29882	29882	2020-03-09	10		
Severe acute respiratory syndrome coronavirus 2			2697049	ASM1154502v2	GCA_011545025.2	GenBank	INSDC Submitter	Complete Genome	29882	29882	2020-03-09	10		
Severe acute respiratory syndrome coronavirus 2			2697049	nCoV-SH01	GCA_011545035.1	GenBank		Complete Genome	29945	29945	2020-03-09			
Severe acute respiratory syndrome coronavirus 2			2697049	ASM1154506v2	GCA_011545065.2	GenBank	INSDC Submitter	Complete Genome	29882	29882	2020-03-09	10		
Severe acute respiratory syndrome coronavirus 2			2697049	ASM1154507v2	GCA_011545075.2	GenBank	INSDC Submitter	Complete Genome	29882	29882	2020-03-09	10		
Severe acute respiratory syndrome coronavirus 2			2697049	ASM1154508v2	GCA_011545085.2	GenBank	INSDC Submitter	Complete Genome	29882	29882	2020-03-09	10		
Severe acute respiratory syndrome coronavirus 2			2697049	ASM1154509v2	GCA_011545095.2	GenBank	INSDC Submitter	Complete Genome	29882	29882	2020-03-09	10		
Severe acute respiratory syndrome coronavirus 2			2697049	ASM1154512v2	GCA_011545125.2	GenBank	INSDC Submitter	Complete Genome	29882	29882	2020-03-09	10		
Severe acute respiratory syndrome coronavirus 2			2697049	ASM1154513v1	GCA_011545135.1	GenBank	INSDC Submitter	Complete Genome	29867	29867	2020-03-09	10		
Severe acute respiratory syndrome coronavirus 2			2697049	ASM1154516v1	GCA_011545165.1	GenBank		Complete Genome	29903	29903	2020-03-10			
Severe acute respiratory syndrome coronavirus 2			2697049	ASM1154523v1	GCA_011545235.1	GenBank		Complete Genome	29897	29897	2020-03-10			
Severe acute respiratory syndrome coronavirus 2			2697049	ASM1154524v1	GCA_011545245.1	GenBank		Complete Genome	29903	29903	2020-03-10			
Severe acute respiratory syndrome coronavirus 2			2697049	ASM1154527v1	GCA_011545275.1	GenBank		Complete Genome	29903	29903	2020-03-10			
Severe acute respiratory syndrome coronavirus 2			2697049	ASM1154528v2	GCA_011545285.2	GenBank	INSDC Submitter	Complete Genome	29882	29882	2020-03-12	10		
Severe acute respiratory syndrome coronavirus 2			2697049	ASM1154529v1	GCA_011545295.1	GenBank	INSDC Submitter	Complete Genome	29882	29882	2020-03-12	10		
Severe acute respiratory syndrome coronavirus 2			2697049	ASM1154532v2	GCA_011545325.2	GenBank	INSDC Submitter	Complete Genome	29882	29882	2020-03-12	10		
Severe acute respiratory syndrome coronavirus 2			2697049	ASM1154533v2	GCA_011545335.2	GenBank	INSDC Submitter	Complete Genome	29882	29882	2020-03-12	10		
Severe acute respiratory syndrome coronavirus 2			2697049	ASM1154534v1	GCA_011545345.1	GenBank	INSDC Submitter	Complete Genome	29882	29882	2020-03-12	10		
Severe acute respiratory syndrome coronavirus 2			2697049	ASM1154535v1	GCA_011545355.1	GenBank	INSDC Submitter	Complete Genome	29882	29882	2020-03-12	10		
Severe acute respiratory syndrome coronavirus 2			2697049	ASM1154542v1	GCA_011545425.1	GenBank	INSDC Submitter	Complete Genome	29882	29882	2020-03-12	10		
Severe acute respiratory syndrome coronavirus 2			2697049	ASM1154545v1	GCA_011545455.1	GenBank	INSDC Submitter	Complete Genome	29845	29845	2020-03-13	10		
Severe acute respiratory syndrome coronavirus 2			2697049	ASM1154548v1	GCA_011545485.1	GenBank	INSDC Submitter	Complete Genome	29783	29783	2020-03-13	10		
Severe acute respiratory syndrome coronavirus 2			2697049	ASM1154549v1	GCA_011545495.1	GenBank	INSDC Submitter	Complete Genome	29835	29835	2020-03-13	10		
Severe acute respiratory syndrome coronavirus 2			2697049	ASM1154550v1	GCA_011545505.1	GenBank	INSDC Submitter	Complete Genome	29862	29862	2020-03-16	10		
Severe acute respiratory syndrome coronavirus 2			2697049	Sars CoV2/human/Ho Chi Minh city/nCoV-19-01S/2020	GCA_011545535.1	GenBank	INSDC Submitter	Complete Genome	29891	29891	2020-03-16	10		
Severe acute respiratory syndrome coronavirus 2			2697049	ASM1154554v1	GCA_011545545.1	GenBank	INSDC Submitter	Complete Genome	29829	29829	2020-03-16	11	PRJNA612578	
Severe acute respiratory syndrome coronavirus 2			2697049	Sars CoV2/human/Ho Chi Minh city/nCoV-19-02S/2020	GCA_011545555.1	GenBank	INSDC Submitter	Complete Genome	29890	29890	2020-03-16	10		
Severe acute respiratory syndrome coronavirus 2			2697049	ASM1174199v1	GCA_011741995.1	GenBank		Complete Genome	29903	29903	2020-03-04			
Severe acute respiratory syndrome coronavirus 2			2697049	ASM1174200v2	GCA_011742005.2	GenBank	INSDC Submitter	Complete Genome	29871	29871	2020-02-28	10		
Severe acute respiratory syndrome coronavirus 2			2697049	ASM1174201v1	GCA_011742015.1	GenBank		Complete Genome	29903	29903	2020-03-04			
Severe acute respiratory syndrome coronavirus 2			2697049	ASM1174202v1	GCA_011742025.1	GenBank	INSDC Submitter	Complete Genome	29882	29882	2020-02-07	10		
Severe acute respiratory syndrome coronavirus 2			2697049	ASM1174203v1	GCA_011742035.1	GenBank	INSDC Submitter	Complete Genome	29882	29882	2020-02-07	10		
